,rank,lemma,freq,exp,obs,no_texts,dice,pos
1,1,potus2,4493,5.094,1099,573,0.091,SUB
2,2,potus3,1427,1.618,769,432,0.074,SUB
3,3,sumo,20939,23.74,1065,521,0.053,VBE
4,4,solidus1,1943,2.203,280,173,0.026,QLF
5,5,abstineo,6458,7.322,339,206,0.026,VBE
6,6,reficio,6506,7.376,311,221,0.024,VBE
7,7,solidum2,2557,2.899,199,133,0.018,SUB
8,8,abstinentia,3835,4.348,197,128,0.017,SUB
9,9,capio1,25196,28.567,341,221,0.015,VBE
10,10,spiritalis,37791,42.846,435,250,0.015,QLF
11,11,comedo1,16281,18.459,259,151,0.015,VBE
12,12,uesco,2712,3.075,146,109,0.013,VBE
13,13,dulcis,11566,13.113,195,136,0.013,QLF
14,14,panis,29670,33.639,300,202,0.012,SUB
15,15,pasco,11539,13.083,190,139,0.012,VBE
16,16,lautus,380,0.431,111,85,0.011,QLF
17,17,esurio1,5315,6.026,139,109,0.011,VBE
18,18,uenter,8772,9.945,155,116,0.011,SUB
19,19,corporalis,9285,10.527,154,111,0.011,QLF
20,20,uilis,5616,6.367,133,87,0.011,QLF
21,21,cibus,19443,22.044,204,85,0.011,SUB
22,22,utor,15865,17.987,182,129,0.01,VBE
23,23,manduco1,14363,16.284,172,113,0.01,VBE
24,24,refectio,3521,3.992,115,76,0.01,SUB
25,25,alo,2631,2.983,104,82,0.009,VBE
26,26,delicatus1,987,1.119,95,81,0.009,QLF
27,27,communis,22690,25.725,176,124,0.008,QLF
28,28,pauper,27406,31.072,194,138,0.008,QLF
29,29,paro1,20469,23.207,166,113,0.008,VBE
30,30,lac,5515,6.253,102,80,0.008,SUB
31,31,preparo,14420,16.349,133,104,0.008,VBE
32,32,uestis,12613,14.3,126,97,0.008,SUB
33,33,facultas,8648,9.805,109,88,0.008,SUB
34,34,indigeo,7378,8.365,103,72,0.008,VBE
35,35,distribuo,4243,4.811,86,75,0.007,VBE
36,36,manna,2628,2.98,79,71,0.007,SUB
37,37,ministro,11944,13.542,108,95,0.007,VBE
38,38,mensa,6674,7.567,91,82,0.007,SUB
39,39,uetitum,768,0.871,70,50,0.007,SUB
40,40,gusto,4131,4.684,81,69,0.007,VBE
41,41,somnus,6827,7.74,88,78,0.007,SUB
42,42,nutrio,6819,7.731,88,78,0.007,VBE
43,43,sanguis,45862,51.997,216,141,0.007,SUB
44,44,stomachus,1113,1.262,68,52,0.007,SUB
45,45,pereo,23479,26.62,137,81,0.006,VBE
46,46,ieiuno,5984,6.785,83,58,0.006,VBE
47,47,huiusmodi,23614,26.773,135,100,0.006,ADV
48,48,coquo,2088,2.367,68,48,0.006,VBE
49,49,operarius1,998,1.132,64,39,0.006,QLF
50,50,caro2,101490,115.066,363,234,0.006,SUB
51,51,appono,6182,7.009,77,71,0.006,VBE
52,52,discerno,8580,9.728,84,50,0.006,VBE
53,53,uerus,71537,81.107,272,166,0.006,QLF
54,54,solidus2,2577,2.922,63,46,0.006,SUB
55,55,sustento,3408,3.864,65,59,0.006,VBE
56,56,prebeo,14414,16.342,95,72,0.006,VBE
57,57,suauis,6568,7.447,73,56,0.006,QLF
58,58,appeto,8929,10.123,77,64,0.005,VBE
59,59,accipio,98697,111.9,318,223,0.005,VBE
60,60,immundus1,7659,8.684,73,51,0.005,QLF
61,61,celestis,42191,47.835,167,135,0.005,QLF
62,62,nec,293863,333.173,830,446,0.005,CON
63,63,appetitus,2559,2.901,58,53,0.005,SUB
64,64,saturo,2797,3.171,58,46,0.005,VBE
65,65,poculum,2380,2.698,58,50,0.005,SUB
66,66,esuriens,1023,1.16,53,47,0.005,QLF
67,67,ieiunium,12078,13.694,81,72,0.005,SUB
68,68,usus,21101,23.924,103,88,0.005,SUB
69,69,perceptio,1312,1.488,52,40,0.005,SUB
70,70,ueto,2487,2.82,55,45,0.005,VBE
71,71,reliquie,7150,8.107,67,52,0.005,SUB
72,72,corpus,132600,150.338,374,255,0.005,SUB
73,73,carnalis,18612,21.102,94,76,0.005,QLF
74,74,delicia,5819,6.597,60,55,0.005,SUB
75,75,opero,29460,33.401,118,77,0.005,VBE
76,76,eiusmodi,3536,4.009,54,39,0.005,ADV
77,77,sitio,6675,7.568,62,51,0.005,VBE
78,78,uinum,18420,20.884,89,74,0.005,SUB
79,79,do,144347,163.657,381,259,0.005,VBE
80,80,anima,116733,132.349,315,217,0.005,SUB
81,81,meus,230405,261.227,564,306,0.005,QLF
82,82,post2,104923,118.959,283,182,0.005,PRE
83,83,pretiosus,10798,12.243,68,48,0.005,QLF
84,84,satio1,2441,2.768,49,46,0.005,VBE
85,85,saisio1,1855,2.103,47,42,0.004,VBE
86,86,condio,4851,5.5,53,40,0.004,VBE
87,87,uestimentum,10047,11.391,65,52,0.004,SUB
88,88,percipio,16328,18.512,79,66,0.004,VBE
89,89,aut,162695,184.459,405,231,0.004,CON
90,90,egeo,4709,5.339,53,39,0.004,VBE
91,91,fortitudo,14975,16.978,72,57,0.004,SUB
92,92,holus,1270,1.44,43,36,0.004,SUB
93,93,alimentum,2548,2.889,46,43,0.004,SUB
94,94,fastidio,1155,1.31,42,35,0.004,VBE
95,95,digero,1340,1.519,43,22,0.004,VBE
96,96,parcus,696,0.789,42,40,0.004,QLF
97,97,emereo,1231,1.396,41,32,0.004,VBE
98,98,capero,1323,1.5,42,38,0.004,VBE
99,99,prohibeo,17516,19.859,73,54,0.004,VBE
100,100,perfector,1095,1.242,41,35,0.004,SUB
101,101,alimonia,978,1.109,41,32,0.004,SUB
102,102,sumptum,958,1.086,40,30,0.004,SUB
103,103,dens,5921,6.713,50,43,0.004,SUB
104,104,porrigo1,4154,4.71,46,44,0.004,VBE
105,105,fortis,21453,24.323,80,55,0.004,QLF
106,106,uel,295606,335.15,614,364,0.004,CON
107,107,affero,11415,12.942,58,41,0.004,VBE
108,108,delectabilis,1268,1.438,39,30,0.004,QLF
109,109,doctrina,27151,30.783,88,66,0.004,SUB
110,110,discretio,8164,9.256,53,39,0.004,SUB
111,111,sine,93975,106.546,218,160,0.004,PRE
112,112,tempero,5360,6.077,47,38,0.004,VBE
113,113,fames,3873,4.391,43,41,0.004,SUB
114,114,fastidium,1855,2.103,39,33,0.004,SUB
115,115,qualitas,7872,8.925,49,38,0.004,SUB
116,116,simplex,12113,13.733,57,51,0.004,QLF
117,117,differentia,6339,7.187,46,25,0.004,SUB
118,118,quotidie,12698,14.397,58,55,0.004,ADV
119,119,talis,68550,77.72,157,119,0.004,QLF
120,120,nullus,117960,133.74,247,188,0.004,QLF
121,121,angelus,45679,51.79,116,81,0.004,SUB
122,122,consumo,8635,9.79,50,47,0.004,VBE
123,123,tantum,49370,55.974,124,99,0.004,ADV
124,124,hora,53825,61.025,131,101,0.004,SUB
125,125,necessarius1,20431,23.164,70,65,0.004,QLF
126,126,abundantia,4338,4.918,42,32,0.004,SUB
127,127,genus,16127,18.284,63,48,0.004,SUB
128,128,quotidianus,4276,4.848,41,39,0.004,QLF
129,129,combustio,505,0.573,35,27,0.004,SUB
130,130,iste2,118621,134.489,244,169,0.004,PRO
131,131,deficio,17363,19.686,63,53,0.003,VBE
132,132,desidero,17785,20.164,63,58,0.003,VBE
133,133,illicitus,6169,6.994,43,32,0.003,QLF
134,134,refectus1,451,0.511,34,33,0.003,QLF
135,135,absque,18571,21.055,64,55,0.003,PRE
136,136,delecto,10083,11.432,49,42,0.003,VBE
137,137,condimentum,404,0.458,33,27,0.003,SUB
138,138,interdico,3971,4.502,39,33,0.003,VBE
139,139,uitalis,2729,3.094,37,33,0.003,QLF
140,140,creo,18982,21.521,62,46,0.003,VBE
141,141,solummodo,4621,5.239,38,29,0.003,ADV
142,142,pre1,12691,14.389,51,37,0.003,PRE
143,143,gula,1924,2.181,34,28,0.003,SUB
144,144,pastus,852,0.966,32,31,0.003,SUB
145,145,uelut2,26523,30.071,74,56,0.003,CON
146,146,quadragesimalis,499,0.566,32,29,0.003,QLF
147,147,atque,262885,298.051,433,288,0.003,CON
148,148,indumentum,2616,2.966,34,32,0.003,SUB
149,149,alius,245108,277.896,417,256,0.003,QLF
150,150,quero,43924,49.8,99,75,0.003,VBE
151,151,offero,31610,35.839,80,64,0.003,VBE
152,152,sicut,195324,221.453,322,229,0.003,CON
153,153,fel,2174,2.465,32,30,0.003,SUB
154,154,subtraho,7393,8.382,40,34,0.003,VBE
155,155,copia,6648,7.537,39,36,0.003,SUB
156,156,faux,2348,2.662,33,28,0.003,SUB
157,157,sapor,2133,2.418,33,26,0.003,SUB
158,158,mens,69929,79.284,136,101,0.003,SUB
159,159,ut,805180,912.89,1242,595,0.003,CON
160,160,conforto,4967,5.631,37,32,0.003,VBE
161,161,tenuis,2486,2.819,33,29,0.003,QLF
162,162,animal,15681,17.779,52,46,0.003,SUB
163,163,apparatio,1415,1.604,31,22,0.003,SUB
164,164,concupiscentia,11451,12.983,47,41,0.003,SUB
165,165,quasi,103417,117.251,184,136,0.003,CON
166,166,indifferenter,991,1.124,31,23,0.003,ADV
167,167,et,3528590,4000.613,5301,1280,0.003,CON
168,168,enim,362284,410.747,558,326,0.003,CON
169,169,ille2,591707,670.86,891,449,0.003,PRO
170,170,sed,527123,597.637,802,417,0.003,CON
171,171,contentus1,2992,3.392,33,32,0.003,QLF
172,172,uita,140717,159.541,229,155,0.003,SUB
173,173,salutaris1,7192,8.154,39,35,0.003,QLF
174,174,muto2,16202,18.369,52,38,0.003,VBE
175,175,recreo,1668,1.891,31,25,0.003,VBE
176,176,corporeus,5015,5.686,35,28,0.003,QLF
177,177,ambulo,17338,19.657,54,46,0.003,VBE
178,178,ignis,40816,46.276,84,64,0.003,SUB
179,179,edo1,31632,35.863,71,62,0.003,VBE
180,180,esus,1053,1.194,29,23,0.003,SUB
181,181,non,1147160,1300.617,1636,660,0.003,ADV
182,182,arbor,11038,12.515,42,33,0.003,SUB
183,183,parcimonia,461,0.523,28,23,0.003,SUB
184,184,quadraginta,7166,8.125,37,31,0.003,NUM
185,185,a,664089,752.925,950,429,0.003,PRE
186,186,uisibilis,7345,8.328,38,26,0.003,QLF
187,187,diuersus,27297,30.949,66,57,0.003,QLF
188,188,auiditas,920,1.043,29,27,0.003,SUB
189,189,modicus,10176,11.537,41,30,0.003,QLF
190,190,sal,4167,4.724,34,30,0.003,SUB
191,191,cum1,349681,396.458,524,343,0.003,PRE
192,192,repleo,11236,12.739,42,37,0.003,VBE
193,193,qui2,2808818,3184.557,3815,1130,0.003,PRO
194,194,aliquis,128304,145.467,197,152,0.003,PRO
195,195,epule,2079,2.357,29,27,0.003,SUB
196,196,soleo,23970,27.177,59,54,0.003,VBE
197,197,esca,5691,6.452,34,32,0.003,SUB
198,198,immoderatus,1639,1.858,28,26,0.003,QLF
199,199,saluber,4474,5.073,32,30,0.003,QLF
200,200,cum2,281771,319.464,400,276,0.003,CON
201,201,ante2,60876,69.02,110,90,0.003,PRE
202,202,os1,14207,16.108,46,42,0.003,SUB
203,203,ullus,20121,22.813,52,46,0.003,QLF
204,204,querio,21994,24.936,53,49,0.003,VBE
205,205,abstinens,340,0.386,26,22,0.003,QLF
206,206,uermis,3159,3.582,31,23,0.003,SUB
207,207,tribuo,16445,18.645,46,40,0.003,VBE
208,208,;,739006,837.864,980,517,0.003,PON
209,209,ferculum,1244,1.41,27,24,0.003,SUB
210,210,nimius,7944,9.007,36,33,0.003,QLF
211,211,0,11231227,12733.641,14601,1881,0.003,PON
212,212,ceterus,60436,68.521,103,82,0.003,QLF
213,213,penuria,1445,1.638,27,22,0.003,SUB
214,214,sacer,37335,42.329,75,49,0.003,QLF
215,215,domus,66731,75.658,112,93,0.003,SUB
216,216,angustia,6166,6.991,33,24,0.003,SUB
217,217,reliquus,17176,19.474,48,26,0.003,QLF
218,218,terrenus,18094,20.515,46,39,0.003,QLF
219,219,grandis,4771,5.409,31,20,0.003,QLF
220,220,solum1,51239,58.093,89,79,0.003,ADV
221,221,plerus,6343,7.192,33,31,0.003,QLF
222,222,in,2232230,2530.838,2812,879,0.003,PRE
223,223,necessitas,24265,27.511,55,47,0.003,SUB
224,224,mensura,9724,11.025,37,23,0.003,SUB
225,225,uestitus2,1545,1.752,26,25,0.003,SUB
226,226,sum,2675321,3033.202,3320,933,0.003,VBE
227,227,dies,162845,184.629,229,157,0.003,SUB
228,228,aliquando,22058,25.009,59,35,0.003,ADV
229,229,parcitas,313,0.355,25,24,0.003,SUB
230,230,indulgeo,5949,6.745,32,30,0.003,VBE
231,231,noxius,3035,3.441,28,25,0.003,QLF
232,232,inedia,865,0.981,24,20,0.002,SUB
233,233,quam,243023,275.533,309,223,0.002,CON
234,234,scriptura,42418,48.092,75,57,0.002,SUB
235,235,potio2,846,0.959,24,18,0.002,SUB
236,236,fama,12017,13.625,37,36,0.002,SUB
237,237,de,670354,760.028,842,424,0.002,PRE
238,238,omnino,26860,30.453,55,51,0.002,ADV
239,239,uoluptas,11193,12.69,36,29,0.002,SUB
240,240,etiam,208628,236.536,278,205,0.002,ADV
241,241,ualidus,3965,4.495,28,21,0.002,QLF
242,242,desiderium,25335,28.724,54,48,0.002,SUB
243,243,propter,84438,95.733,123,86,0.002,PRE
244,244,quidem,81625,92.544,123,96,0.002,ADV
245,245,iumentum,4502,5.104,29,27,0.002,SUB
246,246,refocilo,401,0.455,24,17,0.002,VBE
247,247,utilis,9354,10.605,34,29,0.002,QLF
248,248,desiderabilis,1856,2.104,26,19,0.002,QLF
249,249,perdo,20743,23.518,49,39,0.002,VBE
250,250,dominicus1,26625,30.187,54,39,0.002,QLF
251,251,simul,31749,35.996,60,45,0.002,ADV
252,252,ita,137694,156.114,184,133,0.002,ADV
253,253,mortiferus,1645,1.865,24,21,0.002,QLF
254,254,dum,89104,101.024,124,101,0.002,CON
255,255,autem,330357,374.549,403,252,0.002,CON
256,256,nisi,122305,138.666,166,141,0.002,CON
257,257,omnis,516119,585.161,628,378,0.002,QLF
258,258,deliciosus,376,0.426,23,20,0.002,QLF
259,259,frango,9131,10.353,32,31,0.002,VBE
260,260,quidam,125595,142.396,159,114,0.002,QLF
261,261,quoque,82940,94.035,114,92,0.002,ADV
262,262,regius,10174,11.535,32,29,0.002,QLF
263,263,desideo,1507,1.709,23,19,0.002,VBE
264,264,conficio,7037,7.978,29,26,0.002,VBE
265,265,suauitas,5439,6.167,27,27,0.002,SUB
266,266,?,292895,332.076,340,227,0.002,SENT
267,267,grossus1,482,0.547,22,18,0.002,QLF
268,268,mensis,22769,25.815,46,40,0.002,SUB
269,269,iudico,41457,47.003,67,49,0.002,VBE
270,270,spiritaliter,6609,7.493,34,20,0.002,ADV
271,271,uarius1,11584,13.134,34,28,0.002,QLF
272,272,epulo,1588,1.8,23,20,0.002,VBE
273,273,porcus,1882,2.134,23,19,0.002,SUB
274,274,pariter,15528,17.605,37,32,0.002,ADV
275,275,habeo,300642,340.859,343,242,0.002,VBE
276,276,conuiuium,4976,5.642,27,24,0.002,SUB
277,277,satietas,1430,1.621,22,22,0.002,SUB
278,278,mel,5131,5.817,26,24,0.002,SUB
279,279,luxuria,5360,6.077,27,24,0.002,SUB
280,280,nam,125410,142.186,151,122,0.002,CON
281,281,labor2,29034,32.918,51,37,0.002,SUB
282,282,transeo,30676,34.78,52,49,0.002,VBE
283,283,dedo,28766,32.614,51,45,0.002,VBE
284,284,herba,4473,5.071,25,25,0.002,SUB
285,285,benedico,22826,25.88,42,24,0.002,VBE
286,286,humanus1,52825,59.892,71,64,0.002,QLF
287,287,tam,67456,76.48,88,75,0.002,ADV
288,288,sagino,769,0.872,20,19,0.002,VBE
289,289,se,402862,456.753,432,308,0.002,PRO
290,290,tamquam,41093,46.59,60,51,0.002,CON
291,291,fructus,29120,33.015,48,37,0.002,SUB
292,292,infero,15824,17.941,35,31,0.002,VBE
293,293,possum,320535,363.413,339,230,0.002,VBE
294,294,continentia,5092,5.773,24,22,0.002,SUB
295,295,quilibet2,26582,30.138,45,42,0.002,PRO
296,296,misceo,6131,6.951,25,20,0.002,VBE
297,297,ne2,136259,154.487,155,122,0.002,CON
298,298,requiro,15427,17.491,35,32,0.002,VBE
299,299,pro,198734,225.319,222,165,0.002,PRE
300,300,hic1,73597,83.442,94,78,0.002,ADV
301,301,contristo,4774,5.413,24,19,0.002,VBE
302,302,qualis,22170,25.136,43,37,0.002,QLF
303,303,uix,11761,13.334,31,26,0.002,ADV
304,304,unde,119900,135.939,139,99,0.002,CON
305,305,asper,3766,4.27,23,21,0.002,QLF
306,306,ruminor,1000,1.134,20,20,0.002,VBE
307,307,inopia,3170,3.594,23,21,0.002,SUB
308,308,quia,442718,501.941,472,266,0.002,CON
309,309,ad,828160,938.944,869,462,0.002,PRE
310,310,homo,277540,314.667,300,197,0.002,SUB
311,311,uerbum,139243,157.87,161,123,0.002,SUB
312,312,numquam,26674,30.242,47,44,0.002,ADV
313,313,peto,31265,35.447,51,46,0.002,VBE
314,314,scilicet,62392,70.738,82,66,0.002,ADV
315,315,.,4457983,5054.332,4395,1163,0.002,SENT
316,316,inter,88091,99.875,104,82,0.002,PRE
317,317,tempus,135642,153.787,147,115,0.002,SUB
318,318,ero,139198,157.819,154,118,0.002,VBE
319,319,auidus,1397,1.584,20,18,0.002,QLF
320,320,uerto,9199,10.43,27,25,0.002,VBE
321,321,ualeo,39921,45.261,55,50,0.002,VBE
322,322,digestio,198,0.225,19,16,0.002,SUB
323,323,uilitas,914,1.036,19,15,0.002,SUB
324,324,asperitas,1706,1.934,20,19,0.002,SUB
325,325,is2,1392674,1578.974,1325,555,0.002,PRO
326,326,si,412256,467.404,405,269,0.002,CON
327,327,degusto,709,0.804,19,18,0.002,VBE
328,328,:,1142524,1295.361,1099,508,0.002,PON
329,329,potius,28313,32.101,45,44,0.002,ADV
330,330,defero,12583,14.266,30,29,0.002,VBE
331,331,manus2,88480,100.316,102,80,0.002,SUB
332,332,superfluus,3347,3.795,22,20,0.002,QLF
333,333,deuoro,5199,5.895,23,23,0.002,VBE
334,334,inuenio,77817,88.227,95,73,0.002,VBE
335,335,sic,138107,156.582,149,113,0.002,ADV
336,336,recipio,35233,39.946,52,45,0.002,VBE
337,337,nolo,50410,57.153,64,54,0.002,VBE
338,338,cena,4029,4.568,21,19,0.002,SUB
339,339,penite,12437,14.101,28,25,0.002,ADV
340,340,subministro,1269,1.439,19,19,0.002,VBE
341,341,salus,46730,52.981,60,52,0.002,SUB
342,342,sanus,7665,8.69,26,17,0.002,QLF
343,343,uiuo,64920,73.604,77,67,0.002,VBE
344,344,perfectus1,22768,25.814,38,35,0.002,QLF
345,345,ieiunus,1834,2.079,19,18,0.002,QLF
346,346,soccus2,924,1.048,18,17,0.002,SUB
347,347,fruor,5642,6.397,22,19,0.002,VBE
348,348,gentilis,10243,11.613,26,18,0.002,QLF
349,349,gustus,1466,1.662,19,18,0.002,SUB
350,350,superfluitas,709,0.804,18,14,0.002,SUB
351,351,solus1,52836,59.904,65,52,0.002,QLF
352,352,ex,310057,351.534,296,198,0.002,PRE
353,353,pertineo,29921,33.924,45,38,0.002,VBE
354,354,donec,19050,21.598,34,33,0.002,CON
355,355,christianus1,28446,32.251,44,31,0.002,QLF
356,356,distendo,722,0.819,18,18,0.002,VBE
357,357,presto2,16807,19.055,32,31,0.002,VBE
358,358,nimietas,578,0.655,18,16,0.002,SUB
359,359,alienus,25380,28.775,41,28,0.002,QLF
360,360,impleo,28488,32.299,44,42,0.002,VBE
361,361,liceo,23676,26.843,39,29,0.002,VBE
362,362,uitium,12525,14.201,28,24,0.002,SUB
363,363,denique,20309,23.026,36,35,0.002,ADV
364,364,necdum,5026,5.698,22,19,0.002,CON
365,365,licitus1,2601,2.949,20,19,0.002,QLF
366,366,uero1,174906,198.303,177,143,0.002,ADV
367,367,sanctifico,9873,11.194,27,19,0.002,VBE
368,368,ars,11044,12.521,27,26,0.002,SUB
369,369,suus,581957,659.806,551,325,0.002,QLF
370,370,fidelis,49024,55.582,60,53,0.002,QLF
371,371,quisque,30684,34.789,45,34,0.002,QLF
372,372,ergo1,175499,198.976,171,137,0.002,CON
373,373,aptus,5728,6.494,22,20,0.002,QLF
374,374,mortificatio,1223,1.387,18,17,0.002,SUB
375,375,uos,193048,218.872,177,119,0.002,PRO
376,376,prius,35816,40.607,48,45,0.002,ADV
377,377,ubi,94102,106.69,99,80,0.002,CON
378,378,idoneus,6703,7.6,22,19,0.002,QLF
379,379,suggero,4940,5.601,21,17,0.002,VBE
380,380,inde,36394,41.263,47,41,0.002,ADV
381,381,accedo,23469,26.609,37,29,0.002,VBE
382,382,stercus,2058,2.333,19,17,0.002,SUB
383,383,uito,5796,6.571,21,19,0.002,VBE
384,384,aqua,52979,60.066,61,47,0.002,SUB
385,385,delectatio,6837,7.752,23,21,0.002,SUB
386,386,lignum,17985,20.391,33,26,0.002,SUB
387,387,sepe,26093,29.584,39,37,0.002,ADV
388,388,crapula,650,0.737,17,17,0.002,SUB
389,389,ingero,4445,5.04,20,19,0.002,VBE
390,390,adhuc,43397,49.202,54,48,0.002,ADV
391,391,peruenio,29327,33.25,42,34,0.002,VBE
392,392,nihil,77735,88.134,83,70,0.002,SUB
393,393,magis,50666,57.444,58,48,0.002,ADV
394,394,postea,24716,28.022,35,30,0.002,ADV
395,395,iubeo,33585,38.078,43,38,0.002,VBE
396,396,proprius1,61683,69.934,65,53,0.002,QLF
397,397,cresco,10327,11.709,24,22,0.002,VBE
398,398,debeo,117250,132.935,110,93,0.002,VBE
399,399,letitia,10639,12.062,24,22,0.002,SUB
400,400,iste1,15288,17.333,28,27,0.002,QLF
401,401,cupio,14824,16.807,27,27,0.002,VBE
402,402,palatum,566,0.642,16,16,0.002,SUB
403,403,mortalis,13380,15.17,27,24,0.002,QLF
404,404,leuis,10082,11.431,24,21,0.002,QLF
405,405,quisquam,19723,22.361,32,27,0.002,PRO
406,406,deinde,26627,30.189,38,37,0.002,ADV
407,407,serpens,9744,11.048,23,17,0.002,SUB
408,408,uidelicet,45878,52.015,51,42,0.002,ADV
409,409,polluo,5773,6.545,20,20,0.002,VBE
410,410,per,455848,516.827,386,251,0.002,PRE
411,411,ultra2,5938,6.732,20,17,0.002,PRE
412,412,iam,119877,135.913,110,98,0.002,ADV
413,413,rapio,11306,12.818,24,21,0.002,VBE
414,414,neco,24910,28.242,36,29,0.002,VBE
415,415,interior,16106,18.261,28,26,0.002,QLF
416,416,plebs,14101,15.987,27,27,0.002,SUB
417,417,appositum,597,0.677,16,16,0.002,SUB
418,418,ipse2,430181,487.727,358,246,0.002,PRO
419,419,participo,2596,2.943,18,16,0.002,VBE
420,420,siue,95295,108.043,96,65,0.002,CON
421,421,esculentus,63,0.071,16,14,0.002,QLF
422,422,bonus,141665,160.616,128,89,0.002,QLF
423,423,prosum,16493,18.699,28,26,0.002,VBE
424,424,permaneo,21034,23.848,33,26,0.002,VBE
425,425,exquisitus,746,0.846,16,15,0.002,QLF
426,426,moderatus,916,1.039,16,15,0.002,QLF
427,427,decoquo,505,0.573,16,15,0.002,VBE
428,428,nauseo,131,0.149,16,16,0.002,VBE
429,429,fors,27137,30.767,38,31,0.002,SUB
430,430,respuo,3604,4.086,19,18,0.002,VBE
431,431,paruus,34453,39.062,43,38,0.002,QLF
432,432,salum,6744,7.646,21,18,0.002,SUB
433,433,semper,68051,77.154,69,63,0.002,ADV
434,434,uas2,8718,9.884,23,19,0.002,SUB
435,435,idem2,204398,231.741,181,130,0.002,PRO
436,436,consueo,7019,7.958,21,17,0.002,VBE
437,437,nos,304182,344.873,257,189,0.002,PRO
438,438,iucundus,4165,4.722,18,17,0.002,QLF
439,439,accepto,7685,8.713,20,18,0.002,VBE
440,440,sufficio,17441,19.774,28,26,0.002,VBE
441,441,lectio,13597,15.416,24,19,0.002,SUB
442,442,uestio,5868,6.653,19,16,0.002,VBE
443,443,immortalis,4515,5.119,18,16,0.002,QLF
444,444,distentus1,241,0.273,15,14,0.002,QLF
445,445,aridus,2232,2.531,16,13,0.002,QLF
446,446,eternus,70466,79.892,69,62,0.002,QLF
447,447,mora1,18530,21.009,28,25,0.002,SUB
448,448,radix,8429,9.557,21,18,0.002,SUB
449,449,porto,17392,19.719,27,25,0.002,VBE
450,450,deliquo,305,0.346,15,14,0.002,VBE
451,451,necessario,3031,3.437,17,17,0.002,ADV
452,452,iudeus,58460,66.28,58,44,0.002,QLF
453,453,assumo,22664,25.696,31,27,0.002,VBE
454,454,spiritalia,2517,2.854,17,14,0.002,SUB
455,455,amarus,4282,4.855,19,17,0.002,QLF
456,456,quando,67690,76.745,66,55,0.002,CON
457,457,corruptibilis,2375,2.693,16,15,0.002,QLF
458,458,suspendo,5997,6.799,19,18,0.002,VBE
459,459,eucharistia1,1458,1.653,16,16,0.002,SUB
460,460,libido,6698,7.594,20,18,0.002,SUB
461,461,piscis,5037,5.711,18,17,0.002,SUB
462,462,crudus,764,0.866,16,15,0.002,QLF
463,463,tango,13320,15.102,25,22,0.002,VBE
464,464,lenticula,216,0.245,15,14,0.002,SUB
465,465,affluitas,348,0.395,15,9,0.002,SUB
466,466,obseruatio,3423,3.881,18,15,0.002,SUB
467,467,1,75496,85.595,71,63,0.002,NUM
468,468,sobrius,2319,2.629,17,14,0.002,QLF
469,469,sapio,9927,11.255,22,22,0.002,VBE
470,470,pomum,2654,3.009,17,15,0.002,SUB
471,471,emo,4598,5.213,18,17,0.002,VBE
472,472,tero,1580,1.791,16,16,0.002,VBE
473,473,frater,114228,129.508,102,72,0.002,SUB
474,474,incorporo,732,0.83,15,12,0.002,VBE
475,475,locusta,1565,1.774,16,15,0.002,SUB
476,476,angelicus,5902,6.692,19,18,0.002,QLF
477,477,congruus,8375,9.495,22,21,0.002,QLF
478,478,altar,25562,28.982,33,27,0.002,SUB
479,479,hic3,824808,935.144,624,350,0.002,PRO
480,480,mundus1,20047,22.729,30,22,0.002,QLF
481,481,transigo,2554,2.896,16,15,0.002,VBE
482,482,iuniperus1,133,0.151,15,13,0.002,QLF
483,483,tuus,272397,308.836,224,127,0.002,QLF
484,484,uespera,3338,3.785,17,10,0.002,SUB
485,485,miser,13748,15.587,24,24,0.001,QLF
486,486,colligo2,15607,17.695,25,24,0.001,VBE
487,487,communico,8288,9.397,20,20,0.001,VBE
488,488,licet,26151,29.649,31,28,0.001,CON
489,489,consolatio,8132,9.22,19,19,0.001,SUB
490,490,quod,275741,312.627,206,162,0.001,CON
491,491,polluti,426,0.483,14,13,0.001,SUB
492,492,interdictum,2765,3.135,15,14,0.001,SUB
493,493,eligo,35924,40.73,39,30,0.001,VBE
494,494,paruulus2,6398,7.254,18,18,0.001,SUB
495,495,sacerdotalis,5125,5.811,17,13,0.001,QLF
496,496,sobrietas,1413,1.602,15,12,0.001,SUB
497,497,lex,99633,112.961,81,64,0.001,SUB
498,498,sacrificium,18332,20.784,26,24,0.001,SUB
499,499,nunc,76929,87.22,70,57,0.001,ADV
500,500,duplico,1232,1.397,14,11,0.001,VBE
501,501,tempto,15179,17.21,24,19,0.001,VBE
502,502,equaliter,2279,2.584,15,13,0.001,ADV
503,503,conuerto,21948,24.884,28,27,0.001,VBE
504,504,puto,38766,43.952,40,35,0.001,VBE
505,505,quis,238193,270.056,181,148,0.001,PRO
506,506,fio,110043,124.764,88,69,0.001,VBE
507,507,inquio,91323,103.539,78,59,0.001,VBE
508,508,mater,37910,42.981,39,31,0.001,SUB
509,509,largus,2765,3.135,15,15,0.001,QLF
510,510,numquid,17644,20.004,26,21,0.001,CON
511,511,ieiunum,376,0.426,14,14,0.001,SUB
512,512,siccus,2007,2.276,15,11,0.001,QLF
513,513,concedo,27516,31.197,34,31,0.001,VBE
514,514,naturalis,9974,11.308,21,20,0.001,QLF
515,515,dignus,38990,44.206,42,34,0.001,QLF
516,516,uiscus,6351,7.201,18,14,0.001,SUB
517,517,facio,382326,433.47,286,198,0.001,VBE
518,518,plus1,20015,22.692,27,27,0.001,ADV
519,519,abundans,1452,1.646,15,15,0.001,QLF
520,520,ibi,56194,63.711,54,49,0.001,ADV
521,521,populus1,96120,108.978,80,56,0.001,SUB
522,522,itaque,51962,58.913,51,42,0.001,CON
523,523,oratio,42712,48.426,43,39,0.001,SUB
524,524,indigens1,994,1.127,14,13,0.001,QLF
525,525,diabolus,35625,40.391,38,32,0.001,SUB
526,526,nox,32345,36.672,36,31,0.001,SUB
527,527,siccum,162,0.184,14,7,0.001,SUB
528,528,traicio,793,0.899,13,10,0.001,VBE
529,529,adhibeo,8335,9.45,18,17,0.001,VBE
530,530,sumptus,2886,3.272,15,14,0.001,SUB
531,531,culpa,15831,17.949,23,21,0.001,SUB
532,532,refercio,922,1.045,13,13,0.001,VBE
533,533,infirmus1,14174,16.07,23,22,0.001,QLF
534,534,diuinus1,86936,98.566,69,62,0.001,QLF
535,535,(,529486,600.316,348,239,0.001,PON
536,536,demon,11898,13.49,21,16,0.001,SUB
537,537,alter,54805,62.136,49,43,0.001,QLF
538,538,5,42358,48.024,40,34,0.001,NUM
539,539,sollicitus,7644,8.667,18,18,0.001,QLF
540,540,tum,88173,99.968,72,61,0.001,ADV
541,541,comminuo,1412,1.601,14,12,0.001,VBE
542,542,consuetudo,15213,17.248,23,22,0.001,SUB
543,543,dulcedo,8192,9.288,18,17,0.001,SUB
544,544,modo2,56346,63.884,49,42,0.001,ADV
545,545,egrotus,1800,2.041,14,12,0.001,QLF
546,546,quoniam,82315,93.326,65,56,0.001,CON
547,547,tamen,133441,151.292,98,87,0.001,CON
548,548,uendo,7485,8.486,18,17,0.001,VBE
549,549,gratia2,121792,138.084,95,78,0.001,SUB
550,550,quantitas,3768,4.272,15,13,0.001,SUB
551,551,resurrectio,25471,28.878,29,23,0.001,SUB
552,552,uenenum,4644,5.265,16,15,0.001,SUB
553,553,pecus,5892,6.68,17,17,0.001,SUB
554,554,roboro,5902,6.692,16,15,0.001,VBE
555,555,saturitas,940,1.066,13,13,0.001,SUB
556,556,solon,7727,8.761,17,15,0.001,SUB
557,557,gustum,705,0.799,13,13,0.001,SUB
558,558,uictus2,3001,3.402,15,15,0.001,SUB
559,559,obseruo,14851,16.838,22,19,0.001,VBE
560,560,igitur,82223,93.222,65,56,0.001,CON
561,561,utique,30745,34.858,33,30,0.001,ADV
562,562,postquam,18936,21.469,24,21,0.001,CON
563,563,auis,3822,4.333,15,14,0.001,SUB
564,564,profecto,11202,12.701,20,18,0.001,ADV
565,565,triticum,2643,2.997,14,12,0.001,SUB
566,566,interdum,9423,10.684,19,18,0.001,ADV
567,567,statim,17427,19.758,24,23,0.001,ADV
568,568,corono,5863,6.647,16,16,0.001,VBE
569,569,aruum,905,1.026,13,9,0.001,SUB
570,570,insulsus,336,0.381,13,7,0.001,QLF
571,571,oliuum,11900,13.492,21,18,0.001,SUB
572,572,sapientia,43276,49.065,38,34,0.001,SUB
573,573,offerens,1520,1.723,13,11,0.001,SUB
574,574,recuso,3422,3.88,14,14,0.001,VBE
575,575,primitia,2986,3.385,13,11,0.001,SUB
576,576,aluus,602,0.683,12,9,0.001,SUB
577,577,uirtus,100541,113.991,73,64,0.001,SUB
578,578,hodie,14614,16.569,21,18,0.001,ADV
579,579,postulo,14653,16.613,21,20,0.001,VBE
580,580,sextus,9345,10.595,17,11,0.001,NUM
581,581,proficio,20507,23.25,23,22,0.001,VBE
582,582,tu,287785,326.282,184,144,0.001,PRO
583,583,hospitium,3041,3.448,13,13,0.001,SUB
584,584,christus,268028,303.882,170,112,0.001,QLF
585,585,unus,180002,204.081,123,101,0.001,NUM
586,586,defectus2,2658,3.014,13,13,0.001,SUB
587,587,humor,2655,3.01,13,12,0.001,SUB
588,588,ideo,64375,72.987,51,44,0.001,ADV
589,589,uomo,414,0.469,12,10,0.001,VBE
590,590,curo,17536,19.882,23,20,0.001,VBE
591,591,tantus,72876,82.625,57,56,0.001,QLF
592,592,bibo1,16597,18.817,22,18,0.001,VBE
593,593,noster,286686,325.036,181,136,0.001,QLF
594,594,calidus,2552,2.893,13,9,0.001,QLF
595,595,intellegentia,9387,10.643,17,15,0.001,SUB
596,596,comestio,461,0.523,12,10,0.001,SUB
597,597,monachus,30375,34.438,30,20,0.001,SUB
598,598,preparatio,1423,1.613,13,10,0.001,SUB
599,599,paruulus1,6832,7.746,16,16,0.001,QLF
600,600,uenatio,929,1.053,12,9,0.001,SUB
601,601,deus,680334,771.343,404,249,0.001,SUB
602,602,quadragesimus,4986,5.653,15,15,0.001,NUM
603,603,minime,12353,14.006,19,18,0.001,ADV
604,604,siliqua,277,0.314,12,8,0.001,SUB
605,605,improbus,2225,2.523,13,11,0.001,QLF
606,606,triduum,2225,2.523,13,11,0.001,SUB
607,607,saluto,4396,4.984,14,13,0.001,VBE
608,608,quantum,30036,34.054,30,30,0.001,CON
609,609,quilibet1,5286,5.993,15,14,0.001,QLF
610,610,inuito2,7982,9.05,17,16,0.001,VBE
611,611,eleemosyna,8813,9.992,17,14,0.001,SUB
612,612,ostendo,58004,65.763,48,42,0.001,VBE
613,613,frequenter,8251,9.355,16,14,0.001,ADV
614,614,partio1,1700,1.927,13,13,0.001,VBE
615,615,ueneratio,3079,3.491,13,13,0.001,SUB
616,616,excoquo,533,0.604,12,11,0.001,VBE
617,617,communio2,12583,14.266,20,18,0.001,SUB
618,618,reicio,2122,2.406,13,12,0.001,VBE
619,619,preter,15746,17.852,21,21,0.001,PRE
620,620,mando2,1052,1.193,12,12,0.001,VBE
621,621,prandium,1598,1.812,13,12,0.001,SUB
622,622,repletio,92,0.104,12,10,0.001,SUB
623,623,caritas,55447,62.864,45,39,0.001,SUB
624,624,quamuis,24380,27.641,27,24,0.001,CON
625,625,utens,718,0.814,12,11,0.001,QLF
626,626,significo,41677,47.252,36,29,0.001,VBE
627,627,paradisus,11053,12.532,18,17,0.001,SUB
628,628,calor,4686,5.313,14,13,0.001,SUB
629,629,mastico,109,0.124,12,8,0.001,VBE
630,630,egenus,3088,3.501,13,12,0.001,QLF
631,631,nonnulli,10477,11.879,18,16,0.001,QLF
632,632,materialis,1439,1.632,13,11,0.001,QLF
633,633,sapidus,198,0.225,12,9,0.001,QLF
634,634,diuersitas,4747,5.382,15,13,0.001,SUB
635,635,merces,11016,12.49,19,17,0.001,SUB
636,636,potis,1369,1.552,12,12,0.001,QLF
637,637,presumo,20925,23.724,25,22,0.001,VBE
638,638,estas,2096,2.376,13,13,0.001,SUB
639,639,permitto,18886,21.412,23,20,0.001,VBE
640,640,contineo,20860,23.651,24,22,0.001,VBE
641,641,uoco,56415,63.962,43,38,0.001,VBE
642,642,plenus,29149,33.048,27,27,0.001,QLF
643,643,sustentaculum,188,0.213,11,11,0.001,SUB
644,644,54,1038,1.177,11,10,0.001,NUM
645,645,mollis,2919,3.31,12,10,0.001,QLF
646,646,societas,6871,7.79,14,13,0.001,SUB
647,647,doceo,45778,51.902,35,32,0.001,VBE
648,648,morbus,5637,6.391,14,12,0.001,SUB
649,649,natura,60309,68.377,42,41,0.001,SUB
650,650,quippe,37138,42.106,32,28,0.001,ADV
651,651,multum1,13564,15.379,18,16,0.001,ADV
652,652,indiscretus,1324,1.501,11,10,0.001,QLF
653,653,cur,21757,24.668,22,21,0.001,CON
654,654,opus1,112889,127.99,74,63,0.001,SUB
655,655,paululum,3250,3.685,13,13,0.001,ADV
656,656,genero,9522,10.796,16,15,0.001,VBE
657,657,credens2,5559,6.303,14,14,0.001,SUB
658,658,sempiternus,8642,9.798,15,15,0.001,QLF
659,659,preuenio,6667,7.559,15,15,0.001,VBE
660,660,bestia,8517,9.656,16,15,0.001,SUB
661,661,gratus,7145,8.101,14,13,0.001,QLF
662,662,inimicus2,27660,31.36,26,22,0.001,SUB
663,663,cibo,834,0.946,11,11,0.001,VBE
664,664,lasso,634,0.719,11,11,0.001,VBE
665,665,remaneo,13153,14.913,18,15,0.001,VBE
666,666,estuo,1506,1.708,12,11,0.001,VBE
667,667,aio,92049,104.363,60,50,0.001,VBE
668,668,prefero,8487,9.622,16,14,0.001,VBE
669,669,otium,3261,3.697,12,8,0.001,SUB
670,670,lacto1,909,1.031,14,8,0.001,VBE
671,671,enutrio,1212,1.374,11,11,0.001,VBE
672,672,bene,36928,41.868,32,29,0.001,ADV
673,673,nescio,27762,31.476,27,27,0.001,VBE
674,674,lugeo,4392,4.98,13,8,0.001,VBE
675,675,expecto,8690,9.853,15,14,0.001,VBE
676,676,uolo2,114425,129.732,76,68,0.001,VBE
677,677,durus,8815,9.994,16,15,0.001,QLF
678,678,pabulum,1427,1.618,11,10,0.001,SUB
679,679,desum,14972,16.975,19,18,0.001,VBE
680,680,exiguus,2554,2.896,13,10,0.001,QLF
681,681,diiudico,2370,2.687,12,11,0.001,VBE
682,682,maneo,29900,33.9,27,23,0.001,VBE
683,683,sane,13113,14.867,18,17,0.001,ADV
684,684,uiuesco,6004,6.807,14,14,0.001,VBE
685,685,quicumque,43789,49.647,36,34,0.001,PRO
686,686,!,28522,32.337,26,24,0.001,SENT
687,687,membrum,26538,30.088,25,24,0.001,SUB
688,688,ecce,45236,51.287,36,30,0.001,ADV
689,689,uesper1,4730,5.363,13,12,0.001,QLF
690,690,sperno,7200,8.163,14,14,0.001,VBE
691,691,substantia,27702,31.408,25,20,0.001,SUB
692,692,placeo,27978,31.721,26,24,0.001,VBE
693,693,commisceo,1504,1.705,11,11,0.001,VBE
694,694,similiter,20332,23.052,22,19,0.001,ADV
695,695,singulus,33353,37.815,28,27,0.001,QLF
696,696,frux,2613,2.963,12,12,0.001,SUB
697,697,cor,132902,150.68,84,73,0.001,SUB
698,698,cupiditas,8598,9.748,16,16,0.001,SUB
699,699,regalis,5782,6.556,14,12,0.001,QLF
700,700,solitus,4671,5.296,13,13,0.001,QLF
701,701,euangelicus,6676,7.569,14,13,0.001,QLF
702,702,infirmitas,18706,21.208,21,17,0.001,SUB
703,703,caporalis,726,0.823,11,10,0.001,SUB
704,704,prorsum,8768,9.941,16,15,0.001,ADV
705,705,intellego,86740,98.343,60,51,0.001,VBE
706,706,tener,2255,2.557,12,12,0.001,QLF
707,707,nondum,13991,15.863,18,17,0.001,ADV
708,708,creatura,20823,23.609,23,22,0.001,SUB
709,709,addo,22667,25.699,24,17,0.001,VBE
710,710,obseruantia,3591,4.071,13,10,0.001,SUB
711,711,foueo,9867,11.187,16,15,0.001,VBE
712,712,acquiro,8930,10.125,15,14,0.001,VBE
713,713,uetus,20824,23.61,24,20,0.001,QLF
714,714,ego,352812,400.008,192,147,0.001,PRO
715,715,similis,28765,32.613,24,22,0.001,QLF
716,716,competens,1981,2.246,11,11,0.001,QLF
717,717,indigestus1,66,0.075,10,10,0.001,QLF
718,718,euomo,1054,1.195,10,10,0.001,VBE
719,719,consuetus,1595,1.808,10,10,0.001,QLF
720,720,animus,43434,49.244,31,28,0.001,SUB
721,721,intus1,10928,12.39,15,14,0.001,ADV
722,722,amaritas,5406,6.129,13,13,0.001,SUB
723,723,puteo,5413,6.137,13,13,0.001,VBE
724,724,uolucer,1726,1.957,11,10,0.001,QLF
725,725,fero,34928,39.6,26,25,0.001,VBE
726,726,primum,25972,29.446,22,19,0.001,ADV
727,727,congruo,4829,5.475,12,12,0.001,VBE
728,728,difficultas,3610,4.093,11,9,0.001,SUB
729,729,christianus2,5861,6.645,13,12,0.001,SUB
730,730,particeps,5980,6.78,13,6,0.001,SUB
731,731,etenim,12284,13.927,16,15,0.001,CON
732,732,sicco,1323,1.5,10,9,0.001,VBE
733,733,aufero,25921,29.389,22,21,0.001,VBE
734,734,indigentia,645,0.731,10,9,0.001,SUB
735,735,10,20010,22.687,19,15,0.001,NUM
736,736,dico3,638683,724.12,315,211,0.001,VBE
737,737,facile,15138,17.163,17,17,0.001,ADV
738,738,dominus,420905,477.21,212,146,0.001,SUB
739,739,sustentatio,1976,2.24,11,11,0.001,SUB
740,740,precipio,19314,21.898,20,19,0.001,VBE
741,741,refectorium,1041,1.18,10,10,0.001,SUB
742,742,actio,14517,16.459,17,14,0.001,SUB
743,743,propterea,13876,15.732,16,14,0.001,ADV
744,744,uis,43874,49.743,33,30,0.001,SUB
745,745,maxime,19666,22.297,19,19,0.001,ADV
746,746,diuido,16947,19.214,18,15,0.001,VBE
747,747,scandalizo,3228,3.66,11,10,0.001,VBE
748,748,suscipio,51943,58.892,34,31,0.001,VBE
749,749,administro,2905,3.294,11,10,0.001,VBE
750,750,ebrietas,2925,3.316,11,11,0.001,SUB
751,751,predicatio,16156,18.317,17,17,0.001,SUB
752,752,acetum,1221,1.384,10,5,0.001,SUB
753,753,pretium,9792,11.102,15,14,0.001,SUB
754,754,etas,19002,21.544,20,19,0.001,SUB
755,755,species,24299,27.55,23,22,0.001,SUB
756,756,mulier,34555,39.178,27,24,0.001,SUB
757,757,reuoco,12479,14.148,16,14,0.001,VBE
758,758,cogito,19342,21.929,20,19,0.001,VBE
759,759,trado,34184,38.757,26,25,0.001,VBE
760,760,nequeo,8162,9.254,14,12,0.001,VBE
761,761,uesperi,41,0.047,10,10,0.001,ADV
762,762,tactus,2525,2.863,11,11,0.001,SUB
763,763,abomino,1176,1.333,10,9,0.001,VBE
764,764,peccator,24385,27.647,21,20,0.001,SUB
765,765,retineo,13348,15.134,16,15,0.001,VBE
766,766,subtilis,2568,2.912,11,10,0.001,QLF
767,767,saporus,447,0.507,10,8,0.001,QLF
768,768,laboro,15951,18.085,17,17,0.001,VBE
769,769,fomenta,847,0.96,10,10,0.001,SUB
770,770,audeo,18952,21.487,20,16,0.001,VBE
771,771,benedictio,20024,22.703,20,20,0.001,SUB
772,772,primus,80088,90.802,50,41,0.001,NUM
773,773,uerum1,39573,44.867,29,29,0.001,CON
774,774,conuenio,26796,30.381,24,22,0.001,VBE
775,775,onero,2120,2.404,11,10,0.001,VBE
776,776,temporalis,11489,13.026,16,12,0.001,QLF
777,777,persuasio,1777,2.015,11,10,0.001,SUB
778,778,unusquisque,24422,27.689,23,22,0.001,PRO
779,779,separo,12951,14.684,16,15,0.001,VBE
780,780,agrestis,885,1.003,10,9,0.001,QLF
781,781,exhibeo,21219,24.058,20,17,0.001,VBE
782,782,luxus2,678,0.769,10,10,0.001,SUB
783,783,magnus,130141,147.55,77,71,0.001,QLF
784,784,uitis,5964,6.762,11,9,0.001,SUB
785,785,portio,4003,4.539,10,10,0.001,SUB
786,786,estus,2680,3.039,10,10,0.001,SUB
787,787,etsi,15026,17.036,15,14,0.001,CON
788,788,spes,31578,35.802,24,24,0.001,SUB
789,789,infantia,2502,2.837,10,9,0.001,SUB
790,790,guttur,1676,1.9,10,9,0.001,SUB
791,791,sufficiens,1656,1.878,9,9,0.001,QLF
792,792,famelicus,360,0.408,9,9,0.001,QLF
793,793,semen,18552,21.034,18,18,0.001,SUB
794,794,efficio,15459,17.527,16,16,0.001,VBE
795,795,ops,7325,8.305,12,12,0.001,SUB
796,796,folium,3347,3.795,10,7,0.001,SUB
797,797,nouale,139,0.158,9,7,0.001,SUB
798,798,citra2,1163,1.319,9,7,0.001,PRE
799,799,utrum,12590,14.274,14,13,0.001,CON
800,800,modus,31089,35.248,24,23,0.001,SUB
801,801,teneo,55641,63.084,32,23,0.001,VBE
802,802,descendo,24461,27.733,20,18,0.001,VBE
803,803,ingurgito,142,0.161,9,7,0.001,VBE
804,804,rursum,18308,20.757,17,14,0.001,ADV
805,805,contendo,9542,10.818,13,12,0.001,VBE
806,806,uigilia,6738,7.639,12,11,0.001,SUB
807,807,cedo2,11547,13.092,14,14,0.001,VBE
808,808,exsultatio,4731,5.364,11,9,0.001,SUB
809,809,apiscor,1919,2.176,10,8,0.001,VBE
810,810,seruo,33608,38.104,23,23,0.001,VBE
811,811,admitto,10598,12.016,13,11,0.001,VBE
812,812,discipula,10227,11.595,13,12,0.001,SUB
813,813,exquiro,2638,2.991,10,10,0.001,VBE
814,814,quanto,17613,19.969,16,14,0.001,CON
815,815,coruus,1345,1.525,9,9,0.001,SUB
816,816,inuisibilis,8544,9.687,12,12,0.001,QLF
817,817,fides,131896,149.54,66,55,0.001,SUB
818,818,at,20538,23.285,18,18,0.001,CON
819,819,exterus,8330,9.444,12,11,0.001,QLF
820,820,quisquis1,36782,41.702,25,23,0.001,PRO
821,821,poto,2686,3.045,10,9,0.001,VBE
822,822,gaudeo,22946,26.016,19,18,0.001,VBE
823,823,uelo,2350,2.664,10,3,0.001,VBE
824,824,casa,72070,81.711,40,37,0.001,SUB
825,825,subsidium,2333,2.645,10,10,0.001,SUB
826,826,oblo,1820,2.064,10,9,0.001,VBE
827,827,semel,10781,12.223,13,12,0.001,NUM
828,828,esuries,607,0.688,9,9,0.001,SUB
829,829,excepto,2864,3.247,10,7,0.001,VBE
830,830,nudus,6702,7.599,12,12,0.001,QLF
831,831,familia,6111,6.929,12,12,0.001,SUB
832,832,quomodo,53351,60.488,32,28,0.001,CON
833,833,largior,6218,7.05,12,12,0.001,VBE
834,834,balneum,896,1.016,9,9,0.001,SUB
835,835,incorruptibilis,1445,1.638,9,7,0.001,QLF
836,836,paucus,19110,21.666,17,16,0.001,QLF
837,837,profectus,4067,4.611,10,10,0.001,SUB
838,838,pectus,10201,11.566,14,13,0.001,SUB
839,839,uarietas,3913,4.436,10,10,0.001,SUB
840,840,prouideo,8919,10.112,13,13,0.001,VBE
841,841,hebdomas,4614,5.231,11,10,0.001,SUB
842,842,amitto,13348,15.134,15,14,0.001,VBE
843,843,pars,90103,102.156,52,47,0.001,SUB
844,844,condemno,7266,8.238,12,12,0.001,VBE
845,845,nonne,12149,13.774,14,14,0.001,CON
846,846,disciplina,15219,17.255,17,14,0.001,SUB
847,847,medicamentum,1476,1.673,10,8,0.001,SUB
848,848,fenum,3574,4.052,10,10,0.001,SUB
849,849,edulium,409,0.464,9,9,0.001,SUB
850,850,sollicitudo,10213,11.579,13,13,0.001,SUB
851,851,surgo,15588,17.673,16,16,0.001,VBE
852,852,opportunus,4592,5.206,11,9,0.001,QLF
853,853,impendo,4576,5.188,11,11,0.001,VBE
854,854,patior,27676,31.378,22,21,0.001,VBE
855,855,sacrilegus1,2166,2.456,10,9,0.001,QLF
856,856,usque,86805,98.417,46,41,0.001,ADV
857,857,lacteus,311,0.353,9,9,0.001,QLF
858,858,grauo,5746,6.515,11,11,0.001,VBE
859,859,humanitas,10927,12.389,13,11,0.001,SUB
860,860,sumptuosus,275,0.312,9,6,0.001,QLF
861,861,minus,23820,27.006,19,19,0.001,ADV
862,862,seruiens,1610,1.825,9,8,0.001,SUB
863,863,temperatus,157,0.178,9,8,0.001,SUB
864,864,necesse,18637,21.13,18,16,0.001,QLF
865,865,uestimentor,625,0.709,9,8,0.001,SUB
866,866,exeo,22744,25.787,20,15,0.001,VBE
867,867,subuenio,5029,5.702,11,10,0.001,VBE
868,868,iacto,4217,4.781,11,11,0.001,VBE
869,869,supernus,12232,13.868,14,14,0.001,QLF
870,870,multus,108614,123.143,58,52,0.001,QLF
871,871,fructifero,1740,1.973,10,10,0.001,VBE
872,872,uicis,11248,12.753,14,14,0.001,SUB
873,873,suadeo,5993,6.795,12,11,0.001,VBE
874,874,sanitas,6588,7.469,12,12,0.001,SUB
875,875,),529289,600.093,238,167,0.001,PON
876,876,oporteo,27433,31.103,20,20,0.001,VBE
877,877,nemo,32213,36.522,22,21,0.001,SUB
878,878,ago,83744,94.947,46,40,0.001,VBE
879,879,ructus,96,0.109,9,7,0.001,SUB
880,880,discipulus,20412,23.143,18,17,0.001,SUB
881,881,procuro,4743,5.378,11,11,0.001,VBE
882,882,nequaquam,14615,16.57,15,14,0.001,ADV
883,883,liquidus,1339,1.518,9,9,0.001,QLF
884,884,robustus,2807,3.183,10,9,0.001,QLF
885,885,contemno,17374,19.698,16,14,0.001,VBE
886,886,uoracitas,249,0.282,8,8,0.001,SUB
887,887,fere,7781,8.822,11,11,0.001,ADV
888,888,delectabiliter,590,0.669,8,8,0.001,ADV
889,889,incipio,18683,21.182,15,15,0.001,VBE
890,890,letalis,785,0.89,8,7,0.001,QLF
891,891,genu,20753,23.529,16,16,0.001,SUB
892,892,glutio,370,0.42,8,8,0.001,VBE
893,893,promitto,23310,26.428,17,15,0.001,VBE
894,894,exsisto,28152,31.918,19,18,0.001,VBE
895,895,usurpo,4330,4.909,10,10,0.001,VBE
896,896,cogo,13093,14.845,13,13,0.001,VBE
897,897,molo,471,0.534,8,8,0.001,VBE
898,898,tendo,9596,10.88,11,10,0.001,VBE
899,899,emitto,6149,6.972,10,7,0.001,VBE
900,900,multitudo,19776,22.422,16,15,0.001,SUB
901,901,pecco,32391,36.724,20,18,0.001,VBE
902,902,rapax,1290,1.463,8,7,0.001,QLF
903,903,posco,5819,6.597,10,10,0.001,VBE
904,904,dux1,25828,29.283,17,17,0.001,SUB
905,905,sentio,29963,33.971,19,18,0.001,VBE
906,906,collum,4274,4.846,10,7,0.001,SUB
907,907,seruio,20152,22.848,16,16,0.001,VBE
908,908,repono,3489,3.956,9,9,0.001,VBE
909,909,sollemnitas,6133,6.953,10,10,0.001,SUB
910,910,uacuus,5815,6.593,11,10,0.001,QLF
911,911,umquam,9204,10.435,11,10,0.001,ADV
912,912,tecum,6545,7.421,14,10,0.001,PRO
913,913,religiosus1,12290,13.934,13,13,0.001,QLF
914,914,aliter,17625,19.983,14,13,0.001,ADV
915,915,contero,6574,7.453,10,10,0.001,VBE
916,916,sacramentum,31108,35.269,21,20,0.001,SUB
917,917,dispensatio,5898,6.687,10,10,0.001,SUB
918,918,medicina,4053,4.595,9,9,0.001,SUB
919,919,iter,15981,18.119,14,14,0.001,SUB
920,920,hinc,29087,32.978,20,18,0.001,ADV
921,921,qualiscumque,3164,3.587,9,9,0.001,CON
922,922,internus,4929,5.588,10,8,0.001,QLF
923,923,52,854,0.968,8,8,0.001,NUM
924,924,regularis1,4334,4.914,10,9,0.001,QLF
925,925,accurate,229,0.26,8,7,0.001,ADV
926,926,traho,15572,17.655,14,12,0.001,VBE
927,927,ueritas,68144,77.26,34,32,0.001,SUB
928,928,extra2,11771,13.346,12,12,0.001,PRE
929,929,animo,3609,4.092,9,9,0.001,VBE
930,930,crapulor,165,0.187,8,7,0.001,VBE
931,931,ardor,4497,5.099,9,9,0.001,SUB
932,932,cunctus,41653,47.225,25,25,0.001,QLF
933,933,serua,4533,5.139,9,9,0.001,SUB
934,934,fragmentum,1050,1.191,8,8,0.001,SUB
935,935,presepe,980,1.111,8,8,0.001,SUB
936,936,canis,3513,3.983,9,8,0.001,SUB
937,937,ingluuies,483,0.548,8,8,0.001,SUB
938,938,sacerdos,48324,54.788,26,22,0.001,SUB
939,939,saltem,9282,10.524,12,12,0.001,ADV
940,940,plures,16959,19.228,14,13,0.001,QLF
941,941,morior,46808,53.07,25,23,0.001,VBE
942,942,euangelium,41469,47.016,23,20,0.001,SUB
943,943,suffoco,1490,1.689,8,8,0.001,VBE
944,944,coemo,167,0.189,8,6,0.001,VBE
945,945,attingo1,4112,4.662,9,9,0.001,VBE
946,946,eloquium,9793,11.103,12,11,0.001,SUB
947,947,totus,103392,117.223,51,43,0.001,QLF
948,948,sagma,3313,3.756,9,8,0.001,SUB
949,949,uir,96058,108.908,44,38,0.001,SUB
950,950,quemadmodum,14844,16.83,13,10,0.001,ADV
951,951,quispiam,4982,5.648,10,10,0.001,PRO
952,952,olim,10018,11.358,12,10,0.001,ADV
953,953,tertius,45355,51.422,25,18,0.001,NUM
954,954,mundus2,73097,82.875,37,29,0.001,SUB
955,955,mysticus,6676,7.569,11,11,0.001,QLF
956,956,contamino,2098,2.379,9,7,0.001,VBE
957,957,copiosus,4191,4.752,10,9,0.001,QLF
958,958,medicus2,5886,6.673,10,10,0.001,SUB
959,959,fessus,900,1.02,8,8,0.001,QLF
960,960,predo,1211,1.373,8,8,0.001,SUB
961,961,liquor2,1405,1.593,8,8,0.001,SUB
962,962,dico1,82229,93.229,39,28,0.001,VBE
963,963,quantus,26429,29.964,19,18,0.001,QLF
964,964,posterus,11567,13.114,12,11,0.001,QLF
965,965,murmuro,2697,3.058,9,8,0.001,VBE
966,966,reperio,17364,19.687,15,14,0.001,VBE
967,967,soluo,20039,22.72,15,14,0.001,VBE
968,968,uenio,54068,61.301,30,28,0.001,VBE
969,969,noto,13239,15.01,13,13,0.001,VBE
970,970,uideo,260745,295.625,110,89,0.001,VBE
971,971,pinguesco,349,0.396,8,8,0.001,VBE
972,972,sensus,29972,33.981,19,19,0.001,SUB
973,973,iustitia,61353,69.56,31,27,0.001,SUB
974,974,esuritio,26,0.03,8,7,0.001,SUB
975,975,neglegenter,1470,1.667,8,8,0.001,ADV
976,976,differo,11939,13.536,13,13,0.001,VBE
977,977,immolatum,434,0.492,8,8,0.001,SUB
978,978,opulentia,574,0.651,8,8,0.001,SUB
979,979,mors,90174,102.237,46,40,0.001,SUB
980,980,pater,205243,232.699,85,67,0.001,SUB
981,981,furtum,3240,3.673,9,9,0.001,SUB
982,982,interim,8841,10.024,11,10,0.001,ADV
983,983,iecur,542,0.615,8,7,0.001,SUB
984,984,uterque,45021,51.044,26,25,0.001,PRO
985,985,electa,7649,8.672,11,11,0.001,SUB
986,986,lacrima,14249,16.155,14,14,0.001,SUB
987,987,uenenosus,519,0.588,8,8,0.001,QLF
988,988,puer,20638,23.399,17,16,0.001,SUB
989,989,expers,2543,2.883,9,9,0.001,QLF
990,990,malus1,39883,45.218,24,21,0.001,QLF
991,991,ample,18058,20.474,15,14,0.001,ADV
992,992,quotiens,6081,6.895,10,9,0.001,CON
993,993,arma,12319,13.967,12,9,0.001,SUB
994,994,sermo,46096,52.262,25,25,0.001,SUB
995,995,augeo,7444,8.44,11,11,0.001,VBE
996,996,subsisto,4944,5.605,9,9,0.001,VBE
997,997,hostis,29670,33.639,17,16,0.001,SUB
998,998,mediocris,1565,1.774,7,7,0.001,QLF
999,999,illecebra,2410,2.732,8,8,0.001,SUB
1000,1000,cognitio,9145,10.368,10,8,0.001,SUB
1001,1001,accuratus,450,0.51,7,6,0.001,QLF
1002,1002,transmitto,5665,6.423,9,9,0.001,VBE
1003,1003,deputo,7676,8.703,9,8,0.001,VBE
1004,1004,uenia,8841,10.024,10,10,0.001,SUB
1005,1005,uester,125167,141.911,50,43,0.001,QLF
1006,1006,secundum1,93339,105.825,40,35,0.001,PRE
1007,1007,fetidus,629,0.713,7,6,0.001,QLF
1008,1008,eo2,38141,43.243,19,19,0.001,VBE
1009,1009,concupio,7742,8.778,9,8,0.001,VBE
1010,1010,transfero,11730,13.299,11,11,0.001,VBE
1011,1011,lumen,24627,27.921,16,15,0.001,SUB
1012,1012,ingredior,21172,24.004,15,15,0.001,VBE
1013,1013,institutio,5397,6.119,9,9,0.001,SUB
1014,1014,circa2,17996,20.403,13,13,0.001,PRE
1015,1015,plurimus,20718,23.49,15,15,0.001,QLF
1016,1016,officium,33983,38.529,19,18,0.001,SUB
1017,1017,miles,18064,20.48,13,10,0.001,SUB
1018,1018,receptaculum,598,0.678,7,6,0.001,SUB
1019,1019,auditor,4949,5.611,8,8,0.001,SUB
1020,1020,siquidem,15880,18.004,12,11,0.001,CON
1021,1021,furtiuus,700,0.794,7,7,0.001,QLF
1022,1022,reuerendus,2972,3.37,8,8,0.001,QLF
1023,1023,periclitor,2264,2.567,8,8,0.001,VBE
1024,1024,expello,7075,8.021,9,9,0.001,VBE
1025,1025,quatenus,21614,24.505,15,14,0.001,CON
1026,1026,ante1,13605,15.425,11,11,0.001,ADV
1027,1027,uniuersi,26391,29.921,16,15,0.001,QLF
1028,1028,intra2,12954,14.687,11,11,0.001,PRE
1029,1029,mitto,65136,73.849,28,26,0.001,VBE
1030,1030,compello2,7801,8.845,10,10,0.001,VBE
1031,1031,paternus,6472,7.338,9,9,0.001,QLF
1032,1032,desertum,8760,9.932,10,10,0.001,SUB
1033,1033,constituo,37883,42.951,21,21,0.001,VBE
1034,1034,perfecte,6928,7.855,9,9,0.001,ADV
1035,1035,nummus,2089,2.368,7,7,0.001,SUB
1036,1036,apostolus,110647,125.448,48,42,0.001,SUB
1037,1037,minister1,4209,4.772,8,8,0.001,QLF
1038,1038,onus,4721,5.353,8,8,0.001,SUB
1039,1039,damno,19871,22.529,13,11,0.001,VBE
1040,1040,decoctio,72,0.082,7,6,0.001,SUB
1041,1041,parco,10110,11.462,11,11,0.001,VBE
1042,1042,nimirum,14557,16.504,12,11,0.001,ADV
1043,1043,hordeum,814,0.923,7,7,0.001,SUB
1044,1044,oblino,4131,4.684,8,7,0.001,VBE
1045,1045,distinguo,6457,7.321,9,4,0.001,VBE
1046,1046,appareo,31813,36.069,17,16,0.001,VBE
1047,1047,modero,1936,2.195,7,7,0.001,VBE
1048,1048,deprimo,3017,3.421,8,7,0.001,VBE
1049,1049,infans2,5211,5.908,9,8,0.001,SUB
1050,1050,caueo,10320,11.701,10,10,0.001,VBE
1051,1051,suppedito,569,0.645,7,5,0.001,VBE
1052,1052,egredior,17148,19.442,12,12,0.001,VBE
1053,1053,similitudo,19939,22.606,14,9,0.001,SUB
1054,1054,requies,9798,11.109,10,10,0.001,SUB
1055,1055,peregrinus,6368,7.22,9,8,0.001,QLF
1056,1056,purus,11396,12.921,11,11,0.001,QLF
1057,1057,cinis,4429,5.022,8,8,0.001,SUB
1058,1058,finio,9907,11.232,11,8,0.001,VBE
1059,1059,abicio,7453,8.45,9,9,0.001,VBE
1060,1060,pregusto,359,0.407,7,5,0.001,VBE
1061,1061,mos,16917,19.18,12,12,0.001,SUB
1062,1062,naturaliter,4591,5.205,9,8,0.001,ADV
1063,1063,capra,1133,1.285,7,7,0.001,SUB
1064,1064,nutrimentum,1041,1.18,7,7,0.001,SUB
1065,1065,certe,18463,20.933,14,13,0.001,ADV
1066,1066,intimus,4348,4.93,8,8,0.001,QLF
1067,1067,odor,9468,10.735,10,9,0.001,SUB
1068,1068,assero1,14004,15.877,12,12,0.001,VBE
1069,1069,assus,386,0.438,7,6,0.001,QLF
1070,1070,abundanter,1777,2.015,7,7,0.001,ADV
1071,1071,resideo,4932,5.592,8,7,0.001,VBE
1072,1072,examplum,32786,37.172,17,15,0.001,SUB
1073,1073,humidus,802,0.909,7,5,0.001,QLF
1074,1074,austeritas,860,0.975,7,7,0.001,SUB
1075,1075,renuo,2168,2.458,8,7,0.001,VBE
1076,1076,despicio,7754,8.791,9,8,0.001,VBE
1077,1077,ualens,1530,1.735,7,7,0.001,QLF
1078,1078,existimo,19142,21.703,14,14,0.001,VBE
1079,1079,expeto,4684,5.311,9,8,0.001,VBE
1080,1080,occupo1,7274,8.247,10,10,0.001,VBE
1081,1081,duco,36971,41.917,20,19,0.001,VBE
1082,1082,ministerium,13111,14.865,12,12,0.001,SUB
1083,1083,ratio,50999,57.821,23,21,0.001,SUB
1084,1084,lauo,9439,10.702,10,9,0.001,VBE
1085,1085,concoquo,50,0.057,7,7,0.001,VBE
1086,1086,cardo1,6863,7.781,9,9,0.001,VBE
1087,1087,nosco,48764,55.287,24,23,0.001,VBE
1088,1088,contingo1,16224,18.394,12,12,0.001,VBE
1089,1089,cepio,30907,35.042,18,18,0.001,VBE
1090,1090,integer,14067,15.949,12,12,0.001,QLF
1091,1091,apud,68524,77.691,29,25,0.001,PRE
1092,1092,temperans,592,0.671,7,6,0.001,QLF
1093,1093,frigidus,2774,3.145,8,8,0.001,QLF
1094,1094,quamdiu,8178,9.272,9,9,0.001,CON
1095,1095,obuius,1257,1.425,7,6,0.001,QLF
1096,1096,ouis,15834,17.952,12,12,0.001,SUB
1097,1097,inanis,5965,6.763,9,9,0.001,QLF
1098,1098,multo1,8061,9.139,10,10,0.001,ADV
1099,1099,furo1,2493,2.827,8,6,0.001,VBE
1100,1100,priusquam,5073,5.752,9,9,0.001,CON
1101,1101,administratio,2316,2.626,8,8,0.001,SUB
1102,1102,districtio,2039,2.312,8,8,0.001,SUB
1103,1103,diuinitas,20293,23.008,13,10,0.001,SUB
1104,1104,pono,80938,91.765,36,33,0.001,VBE
1105,1105,fraudo,2053,2.328,7,6,0.001,VBE
1106,1106,letus,4900,5.556,9,9,0.001,QLF
1107,1107,perpetuus,18411,20.874,13,13,0.001,QLF
1108,1108,pietas,24529,27.81,15,14,0.001,SUB
1109,1109,ipse1,56297,63.828,28,28,0.001,QLF
1110,1110,sequor,69615,78.928,32,31,0.001,VBE
1111,1111,impedio,6270,7.109,9,9,0.001,VBE
1112,1112,sacratus,4683,5.31,9,8,0.001,QLF
1113,1113,exterius,4671,5.296,8,8,0.001,ADV
1114,1114,distinctio,3630,4.116,8,8,0.001,SUB
1115,1115,antequam,12661,14.355,11,11,0.001,CON
1116,1116,diuitia,13350,15.136,11,11,0.001,SUB
1117,1117,credo2,104556,118.543,45,39,0.001,VBE
1118,1118,inuitator,63,0.071,7,7,0.001,SUB
1119,1119,languor,3565,4.042,8,5,0.001,SUB
1120,1120,frequens,3585,4.065,8,8,0.001,QLF
1121,1121,condita,1588,1.8,7,7,0.001,SUB
1122,1122,patientia,13110,14.864,11,11,0.001,SUB
1123,1123,nimis,10256,11.628,11,10,0.001,ADV
1124,1124,detraho,4804,5.447,9,6,0.001,VBE
1125,1125,capacitas,948,1.075,7,7,0.001,SUB
1126,1126,hio,4747,5.382,8,8,0.001,VBE
1127,1127,ob,20361,23.085,14,13,0.001,PRE
1128,1128,summus,33193,37.633,17,17,0.001,QLF
1129,1129,quin,8269,9.375,9,9,0.001,CON
1130,1130,sus,479,0.543,6,6,0.001,SUB
1131,1131,pasta1,118,0.134,6,6,0.001,SUB
1132,1132,adero,3235,3.668,7,7,0.001,VBE
1133,1133,gaudium,24617,27.91,14,14,0.001,SUB
1134,1134,deuito,2195,2.489,6,4,0.001,VBE
1135,1135,studeo,14707,16.674,10,7,0.001,VBE
1136,1136,obedientia,11711,13.278,9,8,0.001,SUB
1137,1137,an,29445,33.384,15,14,0.001,CON
1138,1138,quapropter,8059,9.137,8,8,0.001,ADV
1139,1139,facilis,4472,5.07,7,7,0.001,QLF
1140,1140,diues,12107,13.727,9,7,0.001,QLF
1141,1141,aqualiculus,35,0.04,6,6,0.001,SUB
1142,1142,minuo,6294,7.136,8,6,0.001,VBE
1143,1143,mortuus,33256,37.705,16,15,0.001,QLF
1144,1144,frigor,3440,3.9,7,7,0.001,SUB
1145,1145,parum,5757,6.527,7,6,0.001,ADV
1146,1146,torqueo,4135,4.688,7,6,0.001,VBE
1147,1147,sol,28837,32.695,15,15,0.001,SUB
1148,1148,retraho,2181,2.473,6,6,0.001,VBE
1149,1149,locus,118462,134.309,44,37,0.001,SUB
1150,1150,conualesco,1126,1.277,6,5,0.001,VBE
1151,1151,sanctus1,286481,324.804,90,85,0.001,QLF
1152,1152,quamquam,5955,6.752,8,7,0.001,CON
1153,1153,corrumpo,8634,9.789,9,8,0.001,VBE
1154,1154,occasus,2642,2.995,7,7,0.001,SUB
1155,1155,intestinum,619,0.702,6,5,0.001,SUB
1156,1156,dono,18279,20.724,12,11,0.001,VBE
1157,1157,inutilis,4492,5.093,7,7,0.001,QLF
1158,1158,sustineo,18594,21.081,12,12,0.001,VBE
1159,1159,finis,50546,57.308,22,20,0.001,SUB
1160,1160,debilito,1020,1.156,6,6,0.001,VBE
1161,1161,fons,17113,19.402,11,11,0.001,SUB
1162,1162,deglutio,569,0.645,6,6,0.001,VBE
1163,1163,mutatio,2832,3.211,7,6,0.001,SUB
1164,1164,ue1,10100,11.451,9,9,0.001,CON
1165,1165,neglego,9010,10.215,9,8,0.001,VBE
1166,1166,inferi,2958,3.354,7,6,0.001,SUB
1167,1167,rubeus,719,0.815,6,6,0.001,QLF
1168,1168,hic2,47538,53.897,21,20,0.001,QLF
1169,1169,quandoque2,5176,5.868,8,7,0.001,CON
1170,1170,corruptio,6285,7.126,8,8,0.001,SUB
1171,1171,ciuitas,54563,61.862,24,20,0.001,SUB
1172,1172,sedeo,27175,30.81,13,13,0.001,VBE
1173,1173,9,15736,17.841,10,9,0.001,NUM
1174,1174,languens,511,0.579,6,6,0.001,QLF
1175,1175,auris,19342,21.929,11,10,0.001,SUB
1176,1176,sitis,2535,2.874,7,7,0.001,SUB
1177,1177,futurus,44532,50.489,19,18,0.001,QLF
1178,1178,cado,22920,25.986,13,13,0.001,VBE
1179,1179,pecunia,11360,12.88,9,9,0.001,SUB
1180,1180,affligo,8630,9.784,9,9,0.001,VBE
1181,1181,prouoco,8342,9.458,8,7,0.001,VBE
1182,1182,nouus,49529,56.155,22,20,0.001,QLF
1183,1183,certus,22197,25.166,14,13,0.001,QLF
1184,1184,corporaliter,3445,3.906,7,7,0.001,ADV
1185,1185,idcirco,16607,18.829,10,9,0.001,ADV
1186,1186,domesticus2,421,0.477,6,6,0.001,SUB
1187,1187,intro3,20753,23.529,12,12,0.001,VBE
1188,1188,solide,432,0.49,6,5,0.001,ADV
1189,1189,carcer,7907,8.965,8,8,0.001,SUB
1190,1190,suauiter,2023,2.294,6,6,0.001,ADV
1191,1191,explano,1469,1.666,6,6,0.001,VBE
1192,1192,amplexus,1884,2.136,6,6,0.001,SUB
1193,1193,intentus1,2400,2.721,7,7,0.001,QLF
1194,1194,scio,69200,78.457,25,24,0.001,VBE
1195,1195,plenitudo,11144,12.635,9,8,0.001,SUB
1196,1196,secto,4580,5.193,7,7,0.001,VBE
1197,1197,porro,13956,15.823,10,9,0.001,ADV
1198,1198,indeficiens,837,0.949,6,6,0.001,QLF
1199,1199,rogo,22829,25.883,13,12,0.001,VBE
1200,1200,exhilaro,819,0.929,6,6,0.001,VBE
1201,1201,contemplatio,9049,10.26,9,8,0.001,SUB
1202,1202,celitus,1556,1.764,6,6,0.001,ADV
1203,1203,seculum,49581,56.214,20,20,0.001,SUB
1204,1204,aer,8715,9.881,9,8,0.001,SUB
1205,1205,uanus,8171,9.264,8,7,0.001,QLF
1206,1206,uidua,6190,7.018,8,8,0.001,SUB
1207,1207,expono,16540,18.753,10,10,0.001,VBE
1208,1208,quare,23297,26.414,12,12,0.001,CON
1209,1209,pinguis,1633,1.851,6,5,0.001,QLF
1210,1210,edifico,16581,18.799,11,11,0.001,VBE
1211,1211,prauus,11457,12.99,9,8,0.001,QLF
1212,1212,temperi,656,0.744,6,6,0.001,ADV
1213,1213,fortasse,15289,17.334,10,10,0.001,ADV
1214,1214,terra,142962,162.086,48,43,0.001,SUB
1215,1215,mustella,119,0.135,6,5,0.001,SUB
1216,1216,legumen,507,0.575,6,6,0.001,SUB
1217,1217,furor,9064,10.277,8,8,0.001,SUB
1218,1218,gero,23517,26.663,13,13,0.001,VBE
1219,1219,obscurus,4447,5.042,7,7,0.001,QLF
1220,1220,intemperans,327,0.371,6,6,0.001,QLF
1221,1221,super,123825,140.389,46,39,0.001,PRE
1222,1222,idolum,10025,11.366,9,8,0.001,SUB
1223,1223,dormio,12054,13.667,10,9,0.001,VBE
1224,1224,coinquino,1219,1.382,7,5,0.001,VBE
1225,1225,edoceo,3913,4.436,7,7,0.001,VBE
1226,1226,comparo1,9995,11.332,9,9,0.001,VBE
1227,1227,terrestris,2116,2.399,6,6,0.001,QLF
1228,1228,induco,8545,9.688,8,6,0.001,VBE
1229,1229,despectus1,666,0.755,6,6,0.001,QLF
1230,1230,nihilominus,8173,9.266,8,8,0.001,ADV
1231,1231,excito,8251,9.355,8,7,0.001,VBE
1232,1232,longus,14006,15.88,10,10,0.001,QLF
1233,1233,magister2,17621,19.978,12,11,0.001,SUB
1234,1234,expensa,870,0.986,6,6,0.001,SUB
1235,1235,cultus1,988,1.12,6,6,0.001,QLF
1236,1236,item,38456,43.6,17,15,0.001,ADV
1237,1237,firmus,9827,11.142,9,9,0.001,QLF
1238,1238,seruus2,49327,55.926,19,19,0.001,SUB
1239,1239,pallens,98,0.111,6,5,0.001,QLF
1240,1240,abundo,6781,7.688,8,8,0.001,VBE
1241,1241,languesco,329,0.373,6,6,0.001,VBE
1242,1242,eremus2,3327,3.772,7,7,0.001,SUB
1243,1243,pascua,2411,2.734,7,6,0.001,SUB
1244,1244,disco,19151,21.713,11,11,0.001,VBE
1245,1245,petra,13912,15.773,10,10,0.001,SUB
1246,1246,sapiens,18821,21.339,11,10,0.001,QLF
1247,1247,olla,784,0.889,6,6,0.001,SUB
1248,1248,immo,19556,22.172,11,10,0.001,ADV
1249,1249,daps,727,0.824,6,6,0.001,SUB
1250,1250,preceptum,29368,33.297,14,14,0.001,SUB
1251,1251,egestas,1405,1.593,6,6,0.001,SUB
1252,1252,abnego,2047,2.321,6,6,0.001,VBE
1253,1253,parens,15737,17.842,11,11,0.001,SUB
1254,1254,munus,24186,27.421,14,14,0.001,SUB
1255,1255,demum,5196,5.891,8,8,0.001,ADV
1256,1256,propono,15333,17.384,10,10,0.001,VBE
1257,1257,luctus,3814,4.324,7,7,0.001,SUB
1258,1258,exsecro,1297,1.471,6,6,0.001,VBE
1259,1259,rationalis1,5793,6.568,7,7,0.001,QLF
1260,1260,septem,19545,22.16,11,10,0.001,NUM
1261,1261,comedus1,407,0.461,6,6,0.001,QLF
1262,1262,impono,13283,15.06,9,7,0.001,VBE
1263,1263,defluo,2213,2.509,6,5,0.001,VBE
1264,1264,tollo,14543,16.488,11,10,0.001,VBE
1265,1265,erogo,2344,2.658,7,5,0.001,VBE
1266,1266,psallo,5031,5.704,7,7,0.001,VBE
1267,1267,mala2,11840,13.424,10,9,0.001,SUB
1268,1268,uindico,9200,10.431,8,8,0.001,VBE
1269,1269,sufficienter,2079,2.357,6,6,0.001,ADV
1270,1270,medius1,9797,11.108,9,9,0.001,QLF
1271,1271,quodammodo,6350,7.199,8,7,0.001,ADV
1272,1272,septimanus,1347,1.527,6,6,0.001,NUM
1273,1273,immolaticius,96,0.109,6,5,0.001,QLF
1274,1274,importunus,2225,2.523,6,6,0.001,QLF
1275,1275,solacium,4207,4.77,7,7,0.001,SUB
1276,1276,fugio,20695,23.463,12,11,0.001,VBE
1277,1277,indignus,10887,12.343,9,9,0.001,QLF
1278,1278,consedeo,8329,9.443,8,8,0.001,VBE
1279,1279,habilis,615,0.697,6,6,0.001,QLF
1280,1280,uicia,15281,17.325,11,9,0.001,SUB
1281,1281,celum,89967,102.002,34,33,0.001,SUB
1282,1282,sanctus2,34876,39.541,16,15,0.001,SUB
1283,1283,idolothytus,208,0.236,6,5,0.001,QLF
1284,1284,securus,9050,10.261,8,7,0.001,QLF
1285,1285,cocta,365,0.414,6,5,0.001,SUB
1286,1286,receptio,693,0.786,6,3,0.001,SUB
1287,1287,prebenda,1821,2.065,6,5,0.001,SUB
1288,1288,redeo,26975,30.584,13,13,0.001,VBE
1289,1289,abscindo,1822,2.066,6,5,0.001,VBE
1290,1290,tres,56314,63.847,24,21,0.001,NUM
1291,1291,lingua,26745,30.323,15,14,0.001,SUB
1292,1292,inferius2,11491,13.028,9,9,0.001,QLF
1293,1293,agnos,4902,5.558,7,6,0.001,SUB
1294,1294,captiuo,2046,2.32,6,6,0.001,VBE
1295,1295,oblectamen,569,0.645,6,6,0.001,SUB
1296,1296,hospes,3673,4.164,7,4,0.001,SUB
1297,1297,melius,13351,15.137,10,8,0.001,ADV
1298,1298,messis,3133,3.552,7,7,0.001,SUB
1299,1299,ariditas,721,0.817,6,4,0.001,SUB
1300,1300,cura,21016,23.827,12,12,0.001,SUB
1301,1301,educo1,1813,2.056,6,6,0.001,VBE
1302,1302,immortalitas,4582,5.195,7,7,0.001,SUB
1303,1303,predico1,36264,41.115,16,14,0.001,VBE
1304,1304,impietas,7139,8.094,8,7,0.001,SUB
1305,1305,mortalitas,3654,4.143,7,3,0.001,SUB
1306,1306,relinquo,31698,35.938,16,16,0.001,VBE
1307,1307,mysterium,20548,23.297,12,11,0.001,SUB
1308,1308,bonum,12295,13.94,9,9,0.001,SUB
1309,1309,cana,1396,1.583,6,6,0.001,SUB
1310,1310,consto,18724,21.229,12,11,0.001,VBE
1311,1311,perimo,4397,4.985,7,7,0.001,VBE
1312,1312,contrarius,16386,18.578,10,9,0.001,QLF
1313,1313,sugo,885,1.003,6,6,0.001,VBE
1314,1314,famulus2,6060,6.871,8,8,0.001,SUB
1315,1315,rarus,3396,3.85,7,7,0.001,QLF
1316,1316,<unknown>,785834,890.956,241,172,0.001,SUB
1317,1317,repello,7333,8.314,8,8,0.001,VBE
1318,1318,nefandus,2256,2.558,6,6,0.001,QLF
1319,1319,licentia,7605,8.622,8,7,0.001,SUB
1320,1320,perficio,15848,17.968,11,11,0.001,VBE
1321,1321,strepitus,1709,1.938,6,5,0.001,SUB
1322,1322,sudor,1769,2.006,5,5,0.001,SUB
1323,1323,coquina,276,0.313,5,4,0.001,SUB
1324,1324,ceterum,6291,7.133,6,6,0.001,ADV
1325,1325,farina,1195,1.355,5,5,0.001,SUB
1326,1326,redundo,1651,1.872,5,5,0.001,VBE
1327,1327,accendo,7714,8.746,7,7,0.001,VBE
1328,1328,singulariter,3050,3.458,6,6,0.001,ADV
1329,1329,biduanus,61,0.069,5,5,0.001,QLF
1330,1330,saccus,989,1.121,5,4,0.001,SUB
1331,1331,inobedio,1629,1.847,5,5,0.001,VBE
1332,1332,continuo1,6964,7.896,6,6,0.001,ADV
1333,1333,discrimen,3170,3.594,6,6,0.001,SUB
1334,1334,postmodo,9674,10.968,8,8,0.001,ADV
1335,1335,tarenus,3568,4.045,6,6,0.001,SUB
1336,1336,reddo,41545,47.103,14,14,0.001,VBE
1337,1337,communiter,2486,2.819,5,5,0.001,ADV
1338,1338,baculum,2470,2.8,5,5,0.001,SUB
1339,1339,murus,10356,11.741,7,7,0.001,SUB
1340,1340,lego1,5298,6.007,6,6,0.001,VBE
1341,1341,calix,8359,9.477,7,7,0.001,SUB
1342,1342,pena,26097,29.588,11,11,0.001,SUB
1343,1343,ligo1,8819,9.999,7,7,0.001,VBE
1344,1344,consecro,10382,11.771,7,5,0.001,VBE
1345,1345,expedio,6866,7.785,7,7,0.001,VBE
1346,1346,inops,2223,2.52,5,5,0.001,QLF
1347,1347,superius,13980,15.85,8,7,0.001,ADV
1348,1348,felix,12386,14.043,8,8,0.001,QLF
1349,1349,pondus,8808,9.986,7,7,0.001,SUB
1350,1350,omnipotens,21192,24.027,10,10,0.001,QLF
1351,1351,comestus,79,0.09,5,4,0.001,SUB
1352,1352,assumptio,2285,2.591,5,5,0.001,SUB
1353,1353,moro,5526,6.265,6,6,0.001,VBE
1354,1354,forte1,8511,9.65,7,7,0.001,ADV
1355,1355,largitas,2553,2.895,5,5,0.001,SUB
1356,1356,solamen,585,0.663,5,5,0.001,SUB
1357,1357,concurro,2627,2.978,5,5,0.001,VBE
1358,1358,fulcio,3323,3.768,6,6,0.001,VBE
1359,1359,confero,22987,26.062,11,11,0.001,VBE
1360,1360,blandus,2676,3.034,5,5,0.001,QLF
1361,1361,uenatus,269,0.305,5,5,0.001,SUB
1362,1362,aduenio,9767,11.074,7,7,0.001,VBE
1363,1363,excipio,9151,10.375,7,7,0.001,VBE
1364,1364,carmen,3998,4.533,6,6,0.001,SUB
1365,1365,manes,8979,10.18,8,7,0.001,SUB
1366,1366,oblatus1,1331,1.509,5,5,0.001,SUB
1367,1367,creator,13641,15.466,8,6,0.001,SUB
1368,1368,ipse,14361,16.282,9,9,0.001,PRO
1369,1369,uas1,4153,4.709,6,6,0.001,SUB
1370,1370,uegeto,811,0.92,5,4,0.001,VBE
1371,1371,sopor,1326,1.503,5,5,0.001,SUB
1372,1372,gigno,18785,21.298,9,9,0.001,VBE
1373,1373,castrum,16516,18.725,9,9,0.001,SUB
1374,1374,persuadeo,4899,5.554,6,5,0.001,VBE
1375,1375,materia1,9616,10.902,7,7,0.001,SUB
1376,1376,poeta,2598,2.946,6,6,0.001,SUB
1377,1377,ecclesia,238902,270.86,62,52,0.001,SUB
1378,1378,tantopere,677,0.768,5,5,0.001,ADV
1379,1379,eger,2416,2.739,6,6,0.001,QLF
1380,1380,reparo,4951,5.613,6,6,0.001,VBE
1381,1381,erga,7883,8.938,7,7,0.001,PRE
1382,1382,ueneo,94595,107.249,31,26,0.001,VBE
1383,1383,excado,2409,2.731,5,5,0.001,VBE
1384,1384,peniteo,12692,14.39,8,7,0.001,VBE
1385,1385,affluo,1129,1.28,5,5,0.001,VBE
1386,1386,liquido,1410,1.599,5,5,0.001,ADV
1387,1387,detractio,1536,1.742,5,5,0.001,SUB
1388,1388,sabbata,1681,1.906,5,5,0.001,SUB
1389,1389,permisceo,1445,1.638,5,5,0.001,VBE
1390,1390,sudo,1152,1.306,5,5,0.001,VBE
1391,1391,supersum,5014,5.685,6,6,0.001,VBE
1392,1392,deficiens,419,0.475,5,5,0.001,QLF
1393,1393,presens,48281,54.74,17,16,0.001,QLF
1394,1394,pareo,5626,6.379,6,6,0.001,VBE
1395,1395,multiplex,5902,6.692,6,6,0.001,QLF
1396,1396,nascor,39443,44.719,16,16,0.001,VBE
1397,1397,legalis,2856,3.238,6,4,0.001,QLF
1398,1398,conditus1,846,0.959,5,5,0.001,QLF
1399,1399,etiamsi,5201,5.897,6,5,0.001,CON
1400,1400,sordidus,1767,2.003,5,4,0.001,QLF
1401,1401,alioqui,6124,6.943,6,6,0.001,ADV
1402,1402,struo,11052,12.53,8,8,0.001,VBE
1403,1403,dimitto,28315,32.103,11,11,0.001,VBE
1404,1404,exsequor,5038,5.712,6,6,0.001,VBE
1405,1405,hypocrita,2290,2.596,5,4,0.001,SUB
1406,1406,metus,5321,6.033,6,6,0.001,SUB
1407,1407,illic,14419,16.348,9,9,0.001,ADV
1408,1408,coago,4852,5.501,6,6,0.001,VBE
1409,1409,duritia,3304,3.746,6,6,0.001,SUB
1410,1410,6,15957,18.092,8,8,0.001,NUM
1411,1411,iucunditas,2709,3.071,6,6,0.001,SUB
1412,1412,acceptio,1645,1.865,5,5,0.001,SUB
1413,1413,multiplico,8698,9.862,7,7,0.001,VBE
1414,1414,erro1,7586,8.601,7,7,0.001,VBE
1415,1415,solitudo,5419,6.144,6,6,0.001,SUB
1416,1416,bis,5161,5.851,6,6,0.001,NUM
1417,1417,peccatum,130132,147.54,40,33,0.001,SUB
1418,1418,congrego,14563,16.511,9,9,0.001,VBE
1419,1419,uiaticum,888,1.007,5,5,0.001,SUB
1420,1420,pergo,9717,11.017,8,6,0.001,VBE
1421,1421,studium,20961,23.765,11,11,0.001,SUB
1422,1422,subcutaneus,187,0.212,5,5,0.001,QLF
1423,1423,oblatio,8896,10.086,7,7,0.001,SUB
1424,1424,conuiua,537,0.609,5,4,0.001,SUB
1425,1425,sanctitas,15014,17.022,9,6,0.001,SUB
1426,1426,plane,7398,8.388,7,7,0.001,ADV
1427,1427,crassus1,895,1.015,5,5,0.001,QLF
1428,1428,cohibeo,2626,2.977,5,5,0.001,VBE
1429,1429,audio,107337,121.696,30,29,0.001,VBE
1430,1430,releuium,2512,2.848,6,5,0.001,SUB
1431,1431,tot,11369,12.89,7,7,0.001,ADV
1432,1432,primogenitus1,3725,4.223,6,6,0.001,QLF
1433,1433,ales,221,0.251,5,5,0.001,QLF
1434,1434,conuello,687,0.779,5,4,0.001,VBE
1435,1435,satias,259,0.294,5,5,0.001,SUB
1436,1436,milito1,4922,5.58,6,5,0.001,VBE
1437,1437,40,3150,3.571,6,5,0.001,NUM
1438,1438,mitis,4346,4.927,6,6,0.001,QLF
1439,1439,immolo,6750,7.653,6,6,0.001,VBE
1440,1440,redigo,5267,5.972,6,6,0.001,VBE
1441,1441,fletus,4716,5.347,6,6,0.001,SUB
1442,1442,admisceo,1192,1.352,5,5,0.001,VBE
1443,1443,spiritus,163219,185.053,42,38,0.001,SUB
1444,1444,uado2,8466,9.599,7,7,0.001,VBE
1445,1445,contagio2,1583,1.795,5,5,0.001,SUB
1446,1446,diligenter,14204,16.104,8,8,0.001,ADV
1447,1447,innocens,8050,9.127,7,7,0.001,QLF
1448,1448,puluis,6409,7.266,7,6,0.001,SUB
1449,1449,ceno,857,0.972,5,4,0.001,VBE
1450,1450,amor,36869,41.801,15,15,0.001,SUB
1451,1451,diu,15184,17.215,9,9,0.001,ADV
1452,1452,satis,18798,21.313,9,9,0.001,ADV
1453,1453,secessus,351,0.398,5,4,0.001,SUB
1454,1454,foris1,9760,11.066,8,8,0.001,ADV
1455,1455,parciter,194,0.22,5,4,0.001,ADV
1456,1456,specto,5151,5.84,6,5,0.001,VBE
1457,1457,hordeaceus,358,0.406,5,5,0.001,QLF
1458,1458,memoria,24310,27.562,10,10,0.001,SUB
1459,1459,feralis,419,0.475,5,4,0.001,QLF
1460,1460,iterum,29619,33.581,13,12,0.001,ADV
1461,1461,collido,786,0.891,5,5,0.001,VBE
1462,1462,effectum,6391,7.246,6,5,0.001,SUB
1463,1463,tantummodo,6614,7.499,7,7,0.001,ADV
1464,1464,singularis1,6987,7.922,7,7,0.001,QLF
1465,1465,prior,24097,27.321,10,8,0.001,SUB
1466,1466,uello,17922,20.319,10,10,0.001,VBE
1467,1467,candelabrum,2697,3.058,5,5,0.001,SUB
1468,1468,sub,68865,78.077,22,20,0.001,PRE
1469,1469,expleo,4138,4.692,6,6,0.001,VBE
1470,1470,plerique,4865,5.516,6,6,0.001,QLF
1471,1471,secularis1,13230,15,8,7,0.001,QLF
1472,1472,1000,7920,8.98,7,2,0.001,NUM
1473,1473,feria,6295,7.137,6,6,0.001,SUB
1474,1474,durateus,2524,2.862,6,6,0.001,QLF
1475,1475,testor,12870,14.592,8,8,0.001,VBE
1476,1476,primitiua,420,0.476,5,5,0.001,SUB
1477,1477,reputo,6633,7.52,6,5,0.001,VBE
1478,1478,biduum,768,0.871,5,4,0.001,SUB
1479,1479,iaceo,10581,11.996,8,8,0.001,VBE
1480,1480,aperio,22042,24.991,10,10,0.001,VBE
1481,1481,doctor,15863,17.985,9,9,0.001,SUB
1482,1482,oculus,53527,60.687,17,14,0.001,SUB
1483,1483,porus1,201,0.228,5,5,0.001,SUB
1484,1484,recedo,17337,19.656,9,9,0.001,VBE
1485,1485,debilis,2346,2.66,5,5,0.001,QLF
1486,1486,simplicitas,5356,6.073,6,6,0.001,SUB
1487,1487,incoctus1,27,0.031,5,5,0.001,QLF
1488,1488,primo,4690,5.317,6,5,0.001,ADV
1489,1489,lego2,42226,47.875,15,13,0.001,VBE
1490,1490,uenalis1,724,0.821,5,4,0.001,QLF
1491,1491,liberi,3274,3.712,6,6,0.001,SUB
1492,1492,desino,6807,7.718,7,7,0.001,VBE
1493,1493,uaco,9172,10.399,7,6,0.001,VBE
1494,1494,perennis,2439,2.765,6,6,0.001,QLF
1495,1495,psalmus,27996,31.741,11,10,0.001,SUB
1496,1496,contra2,73954,83.847,25,23,0.001,PRE
1497,1497,scutella,248,0.281,5,5,0.001,SUB
1498,1498,4,32768,37.151,13,13,0.001,NUM
1499,1499,tamdiu,2751,3.119,6,6,0.001,ADV
1500,1500,finitus,324,0.367,5,4,0.001,QLF
1501,1501,oro,29957,33.964,13,13,0.001,VBE
1502,1502,impertio,2426,2.751,6,6,0.001,VBE
1503,1503,refero,28774,32.623,12,12,0.001,VBE
1504,1504,concessus1,465,0.527,5,4,0.001,QLF
1505,1505,incrementum,3511,3.981,6,5,0.001,SUB
1506,1506,beneficium,15840,17.959,9,9,0.001,SUB
1507,1507,libertas,11621,13.176,7,6,0.001,SUB
1508,1508,pene,14190,16.088,8,8,0.001,ADV
1509,1509,expendo,2530,2.868,5,5,0.001,VBE
1510,1510,extendo,8783,9.958,7,7,0.001,VBE
1511,1511,uiuifico,7074,8.02,7,7,0.001,VBE
1512,1512,uoluntas,59039,66.937,21,20,0.001,SUB
1513,1513,draco,3734,4.234,6,4,0.001,SUB
1514,1514,duo,81919,92.877,26,24,0.001,NUM
1515,1515,ebrius,1367,1.55,5,5,0.001,QLF
1516,1516,potestas,45528,51.618,15,14,0.001,SUB
1517,1517,tandem,15269,17.312,8,8,0.001,ADV
1518,1518,langueo,1494,1.694,5,5,0.001,VBE
1519,1519,frugalis,54,0.061,5,5,0.001,QLF
1520,1520,lectulus,2360,2.676,5,5,0.001,SUB
1521,1521,solidamentum,59,0.067,5,5,0.001,SUB
1522,1522,affluens,711,0.806,5,5,0.001,QLF
1523,1523,splendidus,2410,2.732,5,5,0.001,QLF
1524,1524,ualde,15112,17.134,8,8,0.001,ADV
1525,1525,statuo,16296,18.476,9,9,0.001,VBE
1526,1526,rusticus1,1633,1.851,5,5,0.001,QLF
1527,1527,insolitus,790,0.896,5,5,0.001,QLF
1528,1528,uiuus,14571,16.52,9,9,0.001,QLF
1529,1529,duplex1,6056,6.866,7,6,0.001,QLF
1530,1530,mirus,13753,15.593,8,8,0.001,QLF
1531,1531,assiduus,2934,3.327,6,6,0.001,QLF
1532,1532,adeo1,10373,11.761,8,8,0.001,ADV
1533,1533,gens,55477,62.898,17,16,0.001,SUB
1534,1534,infundo,5396,6.118,6,6,0.001,VBE
1535,1535,celestia,4965,5.629,6,6,0.001,SUB
1536,1536,conuersa,2458,2.787,5,5,0.001,SUB
1537,1537,disto,3805,4.314,5,5,0,VBE
1538,1538,insuper1,7283,8.257,6,6,0,ADV
1539,1539,unda,3652,4.141,5,4,0,SUB
1540,1540,fallo,8692,9.855,5,5,0,VBE
1541,1541,mendacium,8211,9.309,6,6,0,SUB
1542,1542,ideoque,7826,8.873,5,5,0,ADV
1543,1543,polliceo,3876,4.395,5,4,0,VBE
1544,1544,auctor,21183,24.017,9,9,0,SUB
1545,1545,soror,10486,11.889,6,6,0,SUB
1546,1546,sponsum,6625,7.511,5,5,0,SUB
1547,1547,hereticus2,18337,20.79,8,8,0,SUB
1548,1548,mando1,16641,18.867,7,7,0,VBE
1549,1549,13,13676,15.506,6,6,0,NUM
1550,1550,utpote,4612,5.229,5,5,0,ADV
1551,1551,misericordia,44138,50.042,12,11,0,SUB
1552,1552,flamma,7581,8.595,6,4,0,SUB
1553,1553,lateo,8136,9.224,5,5,0,VBE
1554,1554,requiesco,9268,10.508,6,6,0,VBE
1555,1555,rigo,4060,4.603,5,5,0,VBE
1556,1556,dignosco,4287,4.861,5,5,0,VBE
1557,1557,stultus,9836,11.152,6,5,0,QLF
1558,1558,exspecto,9097,10.314,5,5,0,VBE
1559,1559,angela,9023,10.23,6,6,0,SUB
1560,1560,chorus1,6443,7.305,5,4,0,SUB
1561,1561,scandalum,5102,5.785,5,4,0,SUB
1562,1562,dogma,6197,7.026,5,5,0,SUB
1563,1563,custodio1,4688,5.315,5,5,0,VBE
1564,1564,par1,9682,10.977,6,6,0,QLF
1565,1565,res,106314,120.536,26,24,0,SUB
1566,1566,paulatim,3009,3.412,5,5,0,ADV
1567,1567,specialis1,4348,4.93,5,5,0,QLF
1568,1568,exprimo,12309,13.956,6,6,0,VBE
1569,1569,amo,19834,22.487,8,8,0,VBE
1570,1570,interficio,13543,15.355,6,6,0,VBE
1571,1571,circumcisio,6888,7.809,5,5,0,SUB
1572,1572,dumtaxat,3288,3.728,5,4,0,ADV
1573,1573,firmitas,3599,4.08,5,4,0,SUB
1574,1574,predicator,9142,10.365,6,6,0,SUB
1575,1575,confundo,9950,11.281,6,6,0,VBE
1576,1576,spiro,6117,6.935,5,4,0,VBE
1577,1577,ritus,3294,3.735,5,5,0,SUB
1578,1578,propheta,62844,71.251,15,13,0,SUB
1579,1579,nobilis,12997,14.736,7,5,0,QLF
1580,1580,malo,4655,5.278,5,5,0,VBE
1581,1581,inquiro,7337,8.319,5,5,0,VBE
1582,1582,queo,3952,4.481,5,4,0,VBE
1583,1583,superbia,17240,19.546,8,8,0,SUB
1584,1584,-,1669012,1892.278,352,227,0,NAM
1585,1585,supradictus,6688,7.583,5,5,0,QLF
1586,1586,cultus2,8125,9.212,5,5,0,SUB
1587,1587,cogitatio,20671,23.436,9,9,0,SUB
1588,1588,miro,11754,13.326,7,7,0,VBE
1589,1589,immitto,2821,3.198,5,3,0,VBE
1590,1590,rectus,36680,41.587,11,8,0,QLF
1591,1591,iuuo,5200,5.896,5,5,0,VBE
1592,1592,impendeo,3696,4.19,5,5,0,VBE
1593,1593,flos,7743,8.779,5,5,0,SUB
1594,1594,laudo,24696,28,9,9,0,VBE
1595,1595,fundo2,7384,8.372,6,6,0,VBE
1596,1596,admoneo,12850,14.569,6,5,0,VBE
1597,1597,robur,4296,4.871,5,5,0,SUB
1598,1598,considero,13120,14.875,7,7,0,VBE
1599,1599,nonus,8901,10.092,6,5,0,NUM
1600,1600,hactenus,6705,7.602,5,5,0,ADV
1601,1601,proximum,13293,15.071,7,5,0,SUB
1602,1602,contritio,3029,3.434,5,5,0,SUB
1603,1603,dispergo,3502,3.971,5,5,0,VBE
1604,1604,conuerro,5558,6.302,5,5,0,VBE
1605,1605,copulo,4056,4.599,5,5,0,VBE
1606,1606,cesso,13130,14.886,7,7,0,VBE
1607,1607,pius,29611,33.572,10,9,0,QLF
1608,1608,apto,2921,3.312,5,5,0,VBE
1609,1609,festino2,8072,9.152,5,5,0,VBE
1610,1610,deceo,8564,9.71,6,6,0,VBE
1611,1611,uenero,10633,12.055,6,6,0,VBE
1612,1612,maior,9450,10.714,6,6,0,SUB
1613,1613,heretica,3936,4.463,5,5,0,SUB
1614,1614,uoro,775,0.879,5,4,0,VBE
1615,1615,filius,249783,283.197,55,48,0,SUB
1616,1616,lapis,20490,23.231,7,5,0,SUB
1617,1617,preterea,9017,10.223,6,6,0,CON
1618,1618,priuo,7673,8.699,5,5,0,VBE
1619,1619,spina,4961,5.625,5,5,0,SUB
1620,1620,nomen,116016,131.536,27,22,0,SUB
1621,1621,sterilitas,1274,1.444,5,4,0,SUB
1622,1622,nuptie,7903,8.96,6,6,0,SUB
1623,1623,septimus1,10340,11.723,6,6,0,NUM
1624,1624,opto,8502,9.639,5,5,0,VBE
1625,1625,iustus,76907,87.195,21,18,0,QLF
1626,1626,simpliciter,4811,5.455,5,5,0,ADV
1627,1627,turpis,5621,6.373,5,4,0,QLF
1628,1628,hortor,8499,9.636,5,5,0,VBE
1629,1629,inuicem,14175,16.071,6,6,0,ADV
1630,1630,arbitror,10703,12.135,6,6,0,VBE
1631,1631,lachus,8017,9.089,5,5,0,SUB
1632,1632,prelatus2,3956,4.485,5,4,0,SUB
1633,1633,deduco,9154,10.379,6,6,0,VBE
1634,1634,probo,27137,30.767,9,8,0,VBE
1635,1635,lux,34269,38.853,10,8,0,SUB
1636,1636,mallus1,44023,49.912,14,13,0,SUB
1637,1637,sano,12938,14.669,6,6,0,VBE
1638,1638,ibidem,10590,12.007,6,6,0,ADV
1639,1639,regnum,72632,82.348,20,19,0,SUB
1640,1640,deinceps1,8574,9.721,6,6,0,ADV
1641,1641,lectum1,4589,5.203,5,5,0,SUB
1642,1642,depono,10936,12.399,6,5,0,VBE
1643,1643,eternitas,6420,7.279,5,4,0,SUB
1644,1644,nempe,4897,5.552,5,4,0,ADV
1645,1645,habitus,8438,9.567,6,6,0,SUB
1646,1646,dispenso,2935,3.328,5,5,0,VBE
1647,1647,superbus,11142,12.633,6,5,0,QLF
1648,1648,senex1,7953,9.017,6,6,0,SUB
1649,1649,misa,14465,16.4,6,6,0,SUB
1650,1650,taceo,12744,14.449,6,5,0,VBE
1651,1651,regula1,16510,18.719,8,7,0,SUB
1652,1652,frumentum,3849,4.364,5,5,0,SUB
1653,1653,beatus,98593,111.782,25,25,0,QLF
1654,1654,libenter,7640,8.662,5,5,0,ADV
1655,1655,nimium2,4450,5.045,5,5,0,ADV
1656,1656,purgo,8277,9.384,5,5,0,VBE
1657,1657,dispono,15115,17.137,7,7,0,VBE
1658,1658,qualiter,12080,13.696,7,7,0,CON
1659,1659,amplus,4128,4.68,5,5,0,QLF
1660,1660,appello1,25043,28.393,9,9,0,VBE
1661,1661,mereo2,11679,13.241,7,7,0,VBE
1662,1662,metuo,7099,8.049,5,5,0,VBE
1663,1663,ardeo,9114,10.333,5,5,0,VBE
1664,1664,remissio,8506,9.644,5,5,0,SUB
1665,1665,derelinquo,8134,9.222,6,6,0,VBE
1666,1666,turba1,11146,12.637,6,6,0,SUB
1667,1667,promptus2,4214,4.778,5,5,0,QLF
1668,1668,consolo,6661,7.552,5,5,0,VBE
1669,1669,uia,46939,53.218,13,11,0,SUB
1670,1670,digno,16516,18.725,8,8,0,VBE
1671,1671,unguentum,4456,5.052,5,5,0,SUB
1672,1672,quinque,15539,17.618,7,7,0,NUM
1673,1673,redemptio,7380,8.367,5,5,0,SUB
1674,1674,morum,4697,5.325,5,5,0,SUB
1675,1675,actus,14073,15.956,7,6,0,SUB
1676,1676,indico1,11027,12.502,6,6,0,VBE
1677,1677,uersus2,10470,11.871,6,4,0,SUB
1678,1678,perago,9714,11.014,6,5,0,VBE
1679,1679,conspectus2,14319,16.235,7,5,0,SUB
1680,1680,exigo,13444,15.242,6,6,0,VBE
1681,1681,subdo,14755,16.729,7,7,0,VBE
1682,1682,annus,97379,110.406,23,20,0,SUB
1683,1683,femen,7675,8.702,5,5,0,SUB
1684,1684,rapina1,3897,4.418,5,5,0,SUB
1685,1685,custodio2,18108,20.53,8,8,0,VBE
1686,1686,impossibilis,4880,5.533,5,5,0,QLF
1687,1687,accido1,7631,8.652,5,5,0,VBE
1688,1688,mox,17369,19.693,8,7,0,ADV
1689,1689,gener,13083,14.833,7,7,0,SUB
1690,1690,triumphus,3724,4.222,5,5,0,SUB
1691,1691,afficio,3957,4.486,5,5,0,VBE
1692,1692,malitia,12091,13.708,6,4,0,SUB
1693,1693,quattuor,25582,29.004,10,10,0,NUM
1694,1694,dolor,22230,25.204,9,9,0,SUB
1695,1695,supra1,16363,18.552,8,8,0,PRE
1696,1696,miraculum,7378,8.365,5,5,0,SUB
1697,1697,firmo,9903,11.228,6,6,0,VBE
1698,1698,participatio,2860,3.243,5,5,0,SUB
1699,1699,demonium,4075,4.62,5,3,0,SUB
1700,1700,benignus,7792,8.834,5,5,0,QLF
1701,1701,paulus,37901,42.971,11,11,0,QLF
1702,1702,penitens,3579,4.058,5,5,0,QLF
1703,1703,loquor,84792,96.135,21,20,0,VBE
1704,1704,prosterno,6430,7.29,5,5,0,VBE
1705,1705,perfectio,10816,12.263,6,6,0,SUB
1706,1706,prout,7058,8.002,5,4,0,CON
1707,1707,pignus,3514,3.984,5,5,0,SUB
1708,1708,intendo,12721,14.423,7,7,0,VBE
1709,1709,humilis,17138,19.431,8,8,0,QLF
1710,1710,offendo,8912,10.104,5,5,0,VBE
1711,1711,minister2,9179,10.407,6,6,0,SUB
1712,1712,figura,12553,14.232,7,6,0,SUB
1713,1713,ascendo,30932,35.07,11,11,0,VBE
1714,1714,iuxta1,44117,50.019,14,13,0,ADV
1715,1715,electus1,3812,4.322,5,3,0,QLF
1716,1716,breuis1,8932,10.127,6,6,0,QLF
1717,1717,calco,3481,3.947,5,5,0,VBE
1718,1718,excedo,6012,6.816,5,4,0,VBE
1719,1719,sabbatum,10431,11.826,6,5,0,SUB
1720,1720,mereo1,16029,18.173,6,6,0,VBE
1721,1721,abbas,45806,51.934,10,7,0,SUB
1722,1722,ordo,49198,55.779,12,11,0,SUB
1723,1723,presentia,16907,19.169,5,5,0,SUB
1724,1724,littera,41740,47.324,9,9,0,SUB
1725,1725,dictum,17050,19.331,6,6,0,SUB
1726,1726,interpretor,19071,21.622,6,6,0,VBE
1727,1727,operatio,11284,12.794,5,4,0,SUB
1728,1728,attendo,16271,18.448,6,6,0,VBE
1729,1729,pretereo,15610,17.698,5,4,0,VBE
1730,1730,quartus,20065,22.749,5,5,0,NUM
1731,1731,ignoro,17545,19.892,6,6,0,VBE
1732,1732,eicio,9306,10.551,5,5,0,VBE
1733,1733,timeo,34286,38.873,9,8,0,VBE
1734,1734,restituo,11869,13.457,5,3,0,VBE
1735,1735,longe,20319,23.037,5,5,0,ADV
1736,1736,dilectio,25310,28.696,6,6,0,SUB
1737,1737,pes,28406,32.206,7,7,0,SUB
1738,1738,mille,18571,21.055,5,5,0,NUM
1739,1739,compono,10493,11.897,5,4,0,VBE
1740,1740,confessio,18208,20.644,5,5,0,SUB
1741,1741,negotium,15043,17.055,5,5,0,SUB
1742,1742,habito,22489,25.497,6,5,0,VBE
1743,1743,scientia,26399,29.93,7,7,0,SUB
1744,1744,clamo,19858,22.514,5,5,0,VBE
1745,1745,commendo,17356,19.678,5,5,0,VBE
1746,1746,gloria,64235,72.828,12,12,0,SUB
1747,1747,o,28889,32.754,7,7,0,INT
1748,1748,patria,13916,15.778,5,5,0,SUB
1749,1749,consisto,10783,12.226,5,5,0,VBE
1750,1750,grauis,20476,23.215,5,5,0,QLF
1751,1751,uinco,19705,22.341,6,6,0,VBE
1752,1752,mandatum,21342,24.197,6,6,0,SUB
1753,1753,intellectus,15151,17.178,6,6,0,SUB
1754,1754,scribo1,95748,108.556,18,18,0,VBE
1755,1755,3,41232,46.748,9,8,0,NUM
1756,1756,coram2,22862,25.92,6,5,0,PRE
1757,1757,occasio,12072,13.687,5,5,0,SUB
1758,1758,merito1,17097,19.384,5,5,0,ADV
1759,1759,regio,11954,13.553,5,5,0,SUB
1760,1760,timor,26955,30.561,6,6,0,SUB
1761,1761,pascha,10463,11.863,5,4,0,SUB
1762,1762,bona,41041,46.531,10,9,0,SUB
1763,1763,supra2,15813,17.928,5,5,0,ADV
1764,1764,demonstro,16774,19.018,6,6,0,VBE
1765,1765,penitentia,33310,37.766,9,6,0,SUB
1766,1766,caput,46690,52.936,10,10,0,SUB
1767,1767,obtineo,16325,18.509,5,5,0,VBE
1768,1768,trinitas,18856,21.378,5,4,0,SUB
1769,1769,perduco,9480,10.748,5,5,0,VBE
1770,1770,iniquus1,11603,13.155,5,5,0,QLF
1771,1771,mare,36490,41.371,7,7,0,SUB
1772,1772,antiquus,20253,22.962,5,3,0,QLF
1773,1773,respondeo,44354,50.287,8,8,0,VBE
1774,1774,secundus,43007,48.76,9,7,0,NUM
1775,1775,saluator,22792,25.841,7,7,0,SUB
1776,1776,religio,17329,19.647,5,5,0,SUB
1777,1777,describo,9145,10.368,5,5,0,VBE
1778,1778,alibi,11764,13.338,5,5,0,ADV
1779,1779,publicus1,15816,17.932,6,5,0,QLF
1780,1780,uisio,13556,15.369,5,4,0,SUB
1781,1781,succedo,10355,11.74,5,5,0,VBE
1782,1782,precapio,13422,15.218,5,5,0,VBE
1783,1783,declino,9536,10.812,5,5,0,VBE
1784,1784,baptizo,20152,22.848,6,3,0,VBE
1785,1785,resurgo,17142,19.435,5,5,0,VBE
1786,1786,clericus2,24630,27.925,7,6,0,SUB
1787,1787,post1,10370,11.757,5,5,0,ADV
1788,1788,forma,24707,28.012,6,6,0,SUB
1789,1789,comprehendo,11409,12.935,5,4,0,VBE
1790,1790,partim,4210,4.773,5,3,0,ADV
1791,1791,induo,13999,15.872,5,5,0,VBE
1792,1792,propinquus1,12884,14.608,5,5,0,QLF
1793,1793,iniquitas,28538,32.356,7,7,0,SUB
1794,1794,liber1,47634,54.006,8,8,0,SUB
1795,1795,uox,54594,61.897,9,9,0,SUB
1796,1796,iudicium,65090,73.797,7,7,0,SUB
1797,1797,monasterium,42529,48.218,5,5,0,SUB
1798,1798,profero,20724,23.496,5,5,0,VBE
1799,1799,2,47734,54.119,6,5,0,NUM
1800,1800,signum,76045,86.218,9,5,0,SUB
1801,1801,procedo,22388,25.383,5,5,0,VBE
1802,1802,cognosco,56402,63.947,8,8,0,VBE
1803,1803,sententia,41242,46.759,6,5,0,SUB
1804,1804,princeps,47446,53.793,8,7,0,SUB
1805,1805,numerus,33051,37.472,6,6,0,SUB
1806,1806,rex,141582,160.522,19,15,0,SUB
1807,1807,catholicus,25919,29.386,5,5,0,QLF
1808,1808,facies,24061,27.28,5,5,0,SUB
1809,1809,persona,42475,48.157,5,5,0,SUB
1810,1810,donum,21729,24.636,5,5,0,SUB
1811,1811,urbs,33162,37.598,5,4,0,SUB
1812,1812,celebro,21027,23.84,5,5,0,VBE
1813,1813,honor,45202,51.249,7,6,0,SUB
1814,1814,domina,51239,58.093,6,6,0,SUB
1815,1815,ecclesiasticus1,23024,26.104,5,5,0,QLF
1816,1816,presbyter,31775,36.026,6,4,0,SUB
