"No."	"Lemma"	"Total no. in whole corpus"	"Expected collocate frequency"	"Observed collocate frequency"	"In no. of texts"	"Dice coefficient value"
1	uinum	18420	31.869	1916	526	0.08
2	manduco1	14363	24.85	1621	498	0.074
3	comedo1	16281	28.168	1084	423	0.047
4	aqua	52979	91.661	1464	394	0.035
5	quinque	15539	26.885	857	263	0.034
6	frango	9131	15.798	624	328	0.032
7	uiuus	14571	25.21	660	301	0.03
8	quotidianus	4276	7.398	491	202	0.029
9	propositio	4111	7.113	397	199	0.024
10	fractio	531	0.919	296	144	0.019
11	panis	29670	51.333	584	173	0.019
12	esurio1	5315	9.196	338	211	0.019
13	saturo	2797	4.839	310	168	0.019
14	uesco	2712	4.692	308	177	0.019
15	solon	7727	13.369	354	214	0.019
16	hordeaceus	358	0.619	267	128	0.018
17	lacrima	14249	24.653	386	204	0.018
18	calix	8359	14.462	324	154	0.017
19	piscis	5037	8.715	267	115	0.015
20	angelus	45679	79.031	571	252	0.015
21	edo1	31632	54.728	464	265	0.015
22	subcinericius	275	0.476	221	96	0.015
23	species	24299	42.041	386	121	0.014
24	reficio	6506	11.256	253	144	0.014
25	do	144347	249.74	1219	467	0.014
26	celestis	42191	72.996	494	274	0.014
27	accipio	98697	170.759	854	340	0.013
28	offero	31610	54.69	409	221	0.013
29	azymus	1224	2.118	204	97	0.013
30	lapis	20490	35.45	324	139	0.013
31	celum	89967	155.655	751	280	0.013
32	septem	19545	33.816	311	122	0.012
33	benedico	22826	39.492	322	181	0.012
34	dedo	28766	49.769	357	166	0.012
35	cibus	19443	33.639	300	202	0.012
36	peniteo	12692	21.959	242	33	0.011
37	uiuo	64920	112.32	530	306	0.011
38	coquo	2088	3.613	175	122	0.011
39	cibo	834	1.443	165	108	0.011
40	pasco	11539	19.964	220	154	0.011
41	cinis	4429	7.663	179	107	0.01
42	uultus	10646	18.419	207	139	0.01
43	mensa	6674	11.547	188	116	0.01
44	peto	31265	54.093	311	170	0.01
45	sumo	20939	36.227	256	175	0.01
46	buccella	607	1.05	153	87	0.01
47	esuriens	1023	1.77	144	97	0.009
48	porrigo1	4154	7.187	151	106	0.009
49	uita	140717	243.459	757	342	0.009
50	iste2	118621	205.23	645	242	0.009
51	mille	18571	32.13	208	137	0.009
52	nox	32345	55.961	255	167	0.008
53	unus	180002	311.428	878	336	0.008
54	corpus	132600	229.416	661	267	0.008
55	tres	56314	97.431	340	152	0.008
56	de	670354	1159.802	2744	749	0.008
57	substantia	27702	47.928	221	87	0.008
58	fames	3873	6.701	125	85	0.007
59	duo	81919	141.731	415	184	0.007
60	saturitas	940	1.626	111	80	0.007
61	sacramentum	31108	53.821	219	123	0.007
62	caro2	101490	175.591	476	240	0.007
63	dies	162845	281.744	670	298	0.007
64	satio1	2441	4.223	110	79	0.007
65	bibo1	16597	28.715	157	105	0.007
66	altar	25562	44.226	185	108	0.007
67	libra	3266	5.651	110	34	0.007
68	ieiuno	5984	10.353	115	36	0.007
69	sal	4167	7.21	107	72	0.006
70	meus	230405	398.631	819	353	0.006
71	fio	110043	190.389	442	233	0.006
72	quotidie	12698	21.969	134	104	0.006
73	oblino	4131	7.147	105	67	0.006
74	refectio	3521	6.092	103	79	0.006
75	dolor	22230	38.461	162	88	0.006
76	manna	2628	4.547	101	66	0.006
77	domus	66731	115.454	295	152	0.006
78	hic1	73597	127.333	308	170	0.006
79	homo	277540	480.181	925	419	0.006
80	appono	6182	10.696	108	82	0.006
81	abundo	6781	11.732	105	76	0.006
82	et	3528590	6104.932	10333	1463	0.006
83	sacrificium	18332	31.717	140	84	0.006
84	esca	5691	9.846	103	68	0.006
85	oblatio	8896	15.391	111	81	0.006
86	descendo	24461	42.321	154	90	0.006
87	conficio	7037	12.175	102	83	0.006
88	duodecim	10277	17.781	121	63	0.006
89	paruulus1	6832	11.82	101	75	0.006
90	ego	352812	610.412	1051	403	0.006
91	comedus1	407	0.704	80	47	0.005
92	intinctus	139	0.241	79	50	0.005
93	potus2	4493	7.774	91	75	0.005
94	uerus	71537	123.769	264	130	0.005
95	lignum	17985	31.117	124	70	0.005
96	manes	8979	15.535	99	51	0.005
97	quotienscumque	1291	2.234	79	55	0.005
98	pauper	27406	47.416	147	101	0.005
99	confirmo	21849	37.802	129	102	0.005
100	sitis	2535	4.386	80	55	0.005
101	tamquam	41093	71.096	176	112	0.005
102	cum1	349681	604.995	930	415	0.005
103	:	1142524	1976.719	2856	760	0.005
104	tantum	49370	85.417	192	121	0.005
105	fermentum	2294	3.969	79	48	0.005
106	sudor	1769	3.061	75	60	0.005
107	discipula	10227	17.694	92	71	0.005
108	scilicet	62392	107.947	213	126	0.005
109	tuus	272397	471.283	718	326	0.005
110	spiritalis	37791	65.384	156	97	0.005
111	dominicus1	26625	46.065	129	100	0.005
112	eternus	70466	121.916	225	136	0.005
113	tingo	1968	3.405	71	50	0.005
114	significo	41677	72.107	162	100	0.005
115	quero	43924	75.994	165	114	0.005
116	forma	24707	42.746	123	50	0.005
117	nec	293863	508.422	732	360	0.005
118	noster	286686	496.005	718	309	0.005
119	numquid	17644	30.527	103	66	0.004
120	paucus	19110	33.063	109	71	0.004
121	emo	4598	7.955	76	45	0.004
122	mitto	65136	112.694	206	133	0.004
123	ex	310057	536.44	727	333	0.004
124	ille2	591707	1023.732	1334	513	0.004
125	indigeo	7378	12.765	77	59	0.004
126	primitia	2986	5.166	69	32	0.004
127	in	2232230	3862.056	4765	967	0.004
128	tortus1	414	0.716	63	26	0.004
129	saisio1	1855	3.209	64	56	0.004
130	azymum	826	1.429	62	42	0.004
131	sicut	195324	337.937	466	262	0.004
132	quia	442718	765.961	934	361	0.004
133	supersubstantialis	158	0.273	60	36	0.004
134	bonum	12295	21.272	84	62	0.004
135	non	1147160	1984.74	2280	713	0.004
136	christus	268028	463.724	580	250	0.004
137	tollo	14543	25.161	85	62	0.004
138	fragmentum	1050	1.817	58	40	0.004
139	enim	362284	626.8	755	352	0.004
140	doctrina	27151	46.975	109	69	0.004
141	qui2	2808818	4859.631	5452	1095	0.004
142	,	11231227	19431.524	21429	1875	0.004
143	?	292895	506.748	621	264	0.004
144	affero	11415	19.75	78	59	0.004
145	abundantia	4338	7.505	64	51	0.004
146	inquio	91323	158.001	230	161	0.004
147	;	739006	1278.579	1421	585	0.004
148	preter	15746	27.243	84	61	0.004
149	sanctifico	9873	17.082	73	52	0.004
150	pono	80938	140.034	202	135	0.004
151	feria	6295	10.891	67	23	0.004
152	super	123825	214.234	289	158	0.004
153	muto2	16202	28.032	86	42	0.004
154	uerbum	139243	240.909	301	188	0.004
155	accepto	7685	13.296	67	55	0.004
156	egeo	4709	8.147	63	47	0.004
157	uisibilis	7345	12.708	66	44	0.004
158	otiosus	3907	6.76	61	39	0.004
159	ibi	56194	97.223	159	104	0.004
160	hic3	824808	1427.028	1524	498	0.004
161	atque	262885	454.826	525	316	0.004
162	denarius2	3864	6.685	61	31	0.004
163	ergo1	175499	303.637	372	191	0.004
164	consecratio	4815	8.331	62	37	0.004
165	cibarius	163	0.282	52	32	0.004
166	intellectus	15151	26.213	80	48	0.004
167	mica	1357	2.348	55	40	0.004
168	sic	138107	238.944	296	200	0.004
169	clibanus	786	1.36	54	32	0.004
170	quadraginta	7166	12.398	65	32	0.004
171	donec	19050	32.959	86	66	0.004
172	sub	68865	119.146	171	89	0.004
173	occurro	12313	21.303	73	38	0.004
174	consecro	10382	17.962	68	49	0.003
175	nisi	122305	211.604	260	176	0.003
176	porto	17392	30.091	79	56	0.003
177	coram2	22862	39.554	89	51	0.003
178	deficio	17363	30.04	80	55	0.003
179	quando	67690	117.113	165	118	0.003
180	sacerdos	48324	83.607	132	110	0.003
181	habeo	300642	520.151	550	266	0.003
182	(	529486	916.082	930	420	0.003
183	suus	581957	1006.863	1008	474	0.003
184	terrenus	18094	31.305	78	63	0.003
185	ducenti	2183	3.777	53	27	0.003
186	sextus	9345	16.168	65	33	0.003
187	grana	1147	1.985	51	44	0.003
188	gratis	5057	8.749	58	39	0.003
189	semen	18552	32.097	80	62	0.003
190	polluo	5773	9.988	60	34	0.003
191	suauis	6568	11.364	59	54	0.003
192	nos	304182	526.276	547	284	0.003
193	farina	1195	2.068	51	42	0.003
194	pinguis	1633	2.825	50	25	0.003
195	is2	1392674	2409.512	2263	706	0.003
196	prius	35816	61.967	104	74	0.003
197	lac	5515	9.542	56	43	0.003
198	alo	2631	4.552	51	47	0.003
199	uestimentum	10047	17.383	64	43	0.003
200	sapor	2133	3.69	51	46	0.003
201	ubi	94102	162.809	196	128	0.003
202	sum	2675321	4628.663	4305	887	0.003
203	ut	805180	1393.069	1341	567	0.003
204	profero	20724	35.855	80	57	0.003
205	manus2	88480	153.082	185	128	0.003
206	benedictio	20024	34.644	77	63	0.003
207	desertum	8760	15.156	61	49	0.003
208	3	41232	71.337	109	76	0.003
209	sabbatum	10431	18.047	63	42	0.003
210	ministro	11944	20.665	65	59	0.003
211	lactuca	219	0.379	46	30	0.003
212	.	4457983	7712.907	6940	1149	0.003
213	agrestis	885	1.531	48	31	0.003
214	modicus	10176	17.606	61	43	0.003
215	caseum	420	0.727	45	28	0.003
216	luctus	3814	6.599	50	26	0.003
217	absconditus	2846	4.924	48	44	0.003
218	defero	12583	21.77	64	51	0.003
219	uidelicet	45878	79.375	113	84	0.003
220	sufficio	17441	30.175	70	49	0.003
221	gusto	4131	7.147	50	40	0.003
222	trado	34184	59.143	97	76	0.003
223	hebdomas	4614	7.983	52	35	0.003
224	turba1	11146	19.284	61	34	0.003
225	gratia2	121792	210.716	227	137	0.003
226	intellego	86740	150.072	174	112	0.003
227	ero	139198	240.831	247	161	0.003
228	amicus2	17576	30.409	71	55	0.003
229	mysterium	20548	35.551	73	58	0.003
230	autem	330357	571.562	522	270	0.003
231	contero	6574	11.374	51	34	0.003
232	ipse2	430181	744.271	633	353	0.003
233	dico3	638683	1105.007	920	389	0.003
234	efficio	15459	26.746	63	57	0.003
235	singulus	33353	57.705	89	64	0.003
236	firmamentum	4276	7.398	47	33	0.003
237	quot	4971	8.601	48	31	0.003
238	scriptura	42418	73.389	102	68	0.003
239	absque	18571	32.13	67	40	0.003
240	oliuum	11900	20.589	58	46	0.003
241	confractio	329	0.569	42	8	0.003
242	educo1	1813	3.137	43	28	0.003
243	integer	14067	24.338	60	52	0.003
244	pisciculus	229	0.396	40	32	0.003
245	uero1	174906	302.611	277	183	0.003
246	angelicus	5902	10.211	48	37	0.003
247	quicumque	43789	75.761	99	87	0.003
248	uel	295606	511.438	448	240	0.003
249	suauio	128	0.222	39	36	0.003
250	quattuor	25582	44.26	73	53	0.003
251	itaque	51962	89.901	105	75	0.003
252	communis	22690	39.257	67	52	0.003
253	dominus	420905	728.222	591	282	0.003
254	sed	527123	911.993	737	379	0.003
255	mensura	9724	16.824	52	33	0.003
256	pulmentum	484	0.837	39	25	0.003
257	sine	93975	162.589	165	119	0.003
258	corporalis	9285	16.064	50	37	0.003
259	commodum2	1108	1.917	40	29	0.003
260	quomodo	53351	92.304	109	83	0.003
261	antequam	12661	21.905	54	41	0.003
262	nam	125410	216.976	204	139	0.003
263	sanguis	45862	79.347	97	70	0.003
264	decem	12972	22.443	56	30	0.003
265	presto2	16807	29.078	58	49	0.003
266	hodie	14614	25.284	56	49	0.003
267	remaneo	13153	22.756	54	41	0.003
268	calidus	2552	4.415	40	24	0.003
269	tribuo	16445	28.452	57	50	0.003
270	miraculum	7378	12.765	46	14	0.003
271	magnifico	4184	7.239	42	38	0.003
272	terra	142962	247.343	215	139	0.003
273	hostia	9869	17.075	50	41	0.003
274	4	32768	56.693	77	63	0.003
275	simila	522	0.903	39	24	0.003
276	postulo	14653	25.352	55	46	0.003
277	unde	119900	207.443	178	127	0.002
278	quidem	81625	141.222	131	99	0.002
279	canis	3513	6.078	40	35	0.002
280	aut	162695	281.484	231	145	0.002
281	conforto	4967	8.594	41	35	0.002
282	preparo	14420	24.949	53	44	0.002
283	fermentatum	302	0.523	36	30	0.002
284	cena	4029	6.971	41	31	0.002
285	filius	249783	432.158	330	170	0.002
286	quasi	103417	178.925	157	119	0.002
287	iste1	15288	26.45	55	44	0.002
288	cum2	281771	487.502	378	222	0.002
289	solus1	52836	91.413	98	81	0.002
290	fermento	373	0.645	36	24	0.002
291	desum	14972	25.904	51	43	0.002
292	facio	382326	661.475	471	265	0.002
293	ago	83744	144.888	128	90	0.002
294	inops	2223	3.846	37	32	0.002
295	triticarius2	174	0.301	35	28	0.002
296	pera	532	0.92	35	26	0.002
297	dum	89104	154.162	136	106	0.002
298	interpretor	19071	32.995	55	38	0.002
299	quoque	82940	143.497	130	98	0.002
300	prebeo	14414	24.938	50	48	0.002
301	leuo1	6609	11.435	40	29	0.002
302	repleo	11236	19.44	46	32	0.002
303	legumen	507	0.877	33	24	0.002
304	post2	104923	181.531	149	111	0.002
305	uos	193048	333.999	249	138	0.002
306	uter2	643	1.113	34	19	0.002
307	pro	198734	343.836	257	173	0.002
308	uesper1	4730	8.184	37	27	0.002
309	siccus	2007	3.472	36	28	0.002
310	6	15957	27.608	50	44	0.002
311	mensis	22769	39.393	55	38	0.002
312	ideo	64375	111.377	97	73	0.002
313	edulium	409	0.708	31	29	0.002
314	sacer	37335	64.595	72	61	0.002
315	cognosco	56402	97.583	94	67	0.002
316	offerens	1520	2.63	32	30	0.002
317	alius	245108	424.07	289	176	0.002
318	frumentum	3849	6.659	35	32	0.002
319	multus	108614	187.917	149	113	0.002
320	per	455848	788.678	512	272	0.002
321	nouus	49529	85.692	87	59	0.002
322	nutrio	6819	11.798	39	38	0.002
323	opero	29460	50.97	61	42	0.002
324	tertius	45355	78.47	77	42	0.002
325	primum	25972	44.935	58	41	0.002
326	superpono	1600	2.768	33	24	0.002
327	paruulus2	6398	11.069	37	34	0.002
328	distribuo	4243	7.341	34	28	0.002
329	sustento	3408	5.896	33	30	0.002
330	quoniam	82315	142.416	114	91	0.002
331	amplio	1166	2.017	31	26	0.002
332	uerto	9199	15.916	39	33	0.002
333	siue	95295	164.873	129	86	0.002
334	annus	97379	168.479	128	54	0.002
335	asinus	2782	4.813	33	24	0.002
336	benedictus	10693	18.5	42	30	0.002
337	ita	137694	238.229	170	121	0.002
338	dico1	82229	142.267	110	88	0.002
339	labor2	29034	50.233	60	54	0.002
340	quadragesimus	4986	8.626	35	23	0.002
341	pondus	8808	15.239	39	32	0.002
342	uoco	56415	97.606	85	65	0.002
343	cor	132902	229.938	162	113	0.002
344	ieiunium	12078	20.897	42	34	0.002
345	possum	320535	554.568	338	210	0.002
346	ante2	60876	105.324	88	72	0.002
347	consumo	8635	14.94	36	34	0.002
348	phariseus	6484	11.218	34	25	0.002
349	caritas	55447	95.931	82	65	0.002
350	mysticus	6676	11.55	34	25	0.002
351	plenus	29149	50.432	56	35	0.002
352	immaculatus1	3450	5.969	31	23	0.002
353	quam	243023	420.462	258	185	0.002
354	fero	34928	60.43	61	53	0.002
355	dulcis	11566	20.011	40	37	0.002
356	pluo	2099	3.632	30	21	0.002
357	frux	2613	4.521	30	22	0.002
358	quippe	37138	64.254	62	46	0.002
359	loco2	2232	3.862	30	15	0.002
360	iam	119877	207.403	143	110	0.002
361	ad	828160	1432.828	831	423	0.002
362	debeo	117250	202.858	140	98	0.002
363	frustum	418	0.723	29	21	0.002
364	pisca	1171	2.026	29	25	0.002
365	)	529289	915.741	520	276	0.002
366	indignus	10887	18.836	39	34	0.002
367	creatura	20823	36.027	48	31	0.002
368	conspergo	686	1.187	27	11	0.002
369	fractus1	1388	2.401	28	22	0.002
370	se	402862	697.005	391	257	0.002
371	eucharistia1	1458	2.523	28	21	0.002
372	triticum	2643	4.573	29	27	0.002
373	purus	11396	19.717	37	30	0.002
374	quis	238193	412.106	239	155	0.002
375	utique	30745	53.193	54	40	0.002
376	101	658	1.138	28	24	0.002
377	semper	68051	117.737	88	64	0.002
378	idem2	204398	353.636	210	138	0.002
379	lachus	8017	13.871	33	31	0.002
380	silentium	8804	15.232	34	25	0.002
381	etiam	208628	360.954	219	163	0.002
382	lugeo	4392	7.599	30	23	0.002
383	longe	20319	35.155	44	35	0.002
384	semino	5525	9.559	31	30	0.002
385	solum1	51239	88.65	74	66	0.002
386	modius	2152	3.723	29	19	0.002
387	tribulatio	15286	26.447	41	35	0.002
388	propter	84438	146.089	104	83	0.002
389	figura	12553	21.718	38	29	0.002
390	edes	1976	3.419	28	16	0.002
391	uerum1	39573	68.467	62	48	0.002
392	hordeum	814	1.408	28	23	0.002
393	agnosco	18836	32.589	43	33	0.002
394	necessarius1	20431	35.348	46	36	0.002
395	inopia	3170	5.485	29	26	0.002
396	si	412256	713.258	403	245	0.002
397	paro1	20469	35.414	44	40	0.002
398	propono	15333	26.528	38	24	0.002
399	esus	1053	1.822	26	26	0.002
400	sancta	8821	15.262	33	28	0.002
401	oratio	42712	73.898	62	55	0.002
402	collyra	57	0.099	25	17	0.002
403	delicia	5819	10.068	31	31	0.002
404	inuenio	77817	134.634	91	72	0.002
405	agnos	4902	8.481	29	24	0.002
406	uix	11761	20.348	35	31	0.002
407	fastidio	1155	1.998	26	23	0.002
408	puluis	6409	11.088	30	18	0.002
409	quare	23297	40.307	45	35	0.002
410	pars	90103	155.89	100	71	0.002
411	solummodo	4621	7.995	29	24	0.002
412	pater	205243	355.098	205	135	0.002
413	participo	2596	4.491	27	25	0.002
414	prohibeo	17516	30.305	39	37	0.002
415	fragmen	265	0.459	25	22	0.002
416	fugio	20695	35.805	44	23	0.002
417	deinde	26627	46.068	48	40	0.002
418	sitio	6675	11.549	31	29	0.002
419	40	3150	5.45	28	10	0.002
420	potus3	1427	2.469	26	22	0.002
421	aio	92049	159.257	106	82	0.002
422	alimentum	2548	4.408	27	26	0.002
423	quod	275741	477.069	267	177	0.002
424	unitas	17026	29.457	42	31	0.002
425	angustia	6166	10.668	31	26	0.002
426	bene	36928	63.89	57	45	0.002
427	deus	680334	1177.069	586	287	0.002
428	ignis	40816	70.617	59	48	0.002
429	anima	116733	201.964	126	92	0.002
430	uelut2	26523	45.888	49	40	0.002
431	mel	5131	8.877	30	21	0.002
432	communico	8288	14.339	32	29	0.002
433	nunc	76929	133.098	90	71	0.002
434	uictus2	3001	5.192	27	27	0.002
435	facies	24061	41.629	45	30	0.002
436	uideo	260745	451.124	237	161	0.002
437	quartus	20065	34.715	41	29	0.002
438	uenter	8772	15.177	30	24	0.002
439	tamen	133441	230.871	134	111	0.002
440	uncia	881	1.524	24	15	0.002
441	populus1	96120	166.3	99	84	0.002
442	alimonia	978	1.692	24	22	0.002
443	puer	20638	35.707	40	34	0.002
444	sero3	822	1.422	24	23	0.002
445	iubeo	33585	58.107	50	45	0.002
446	11	16278	28.163	37	32	0.002
447	desidero	17785	30.77	37	34	0.002
448	uiginti	7715	13.348	29	18	0.002
449	sanctus1	286481	495.65	257	183	0.002
450	fortitudo	14975	25.909	36	29	0.002
451	mendacium	8211	14.206	30	21	0.002
452	holus	1270	2.197	25	21	0.002
453	oleatus	35	0.061	22	14	0.002
454	signo	11479	19.86	30	24	0.002
455	apostolus	110647	191.434	105	79	0.002
456	ne2	136259	235.746	122	110	0.002
457	a	664089	1148.963	532	335	0.002
458	percipio	16328	28.25	34	33	0.002
459	fama	12017	20.791	31	29	0.002
460	liceo	23676	40.963	41	32	0.002
461	medius1	9797	16.95	29	24	0.002
462	modo2	56346	97.486	64	54	0.002
463	suauitas	5439	9.41	27	23	0.002
464	spiritaliter	6609	11.435	28	26	0.002
465	numquam	26674	46.15	43	38	0.002
466	propheta	62844	108.729	70	59	0.002
467	13	13676	23.661	33	31	0.002
468	assumo	22664	39.212	40	35	0.002
469	soleo	23970	41.471	40	34	0.002
470	diuido	16947	29.321	35	34	0.002
471	tu	287785	497.907	232	142	0.002
472	sporta	385	0.666	23	15	0.002
473	igitur	82223	142.257	86	61	0.002
474	pateo	14400	24.914	33	30	0.002
475	mundus1	20047	34.684	38	35	0.002
476	tum	88173	152.551	87	70	0.002
477	solidus1	1943	3.362	24	21	0.002
478	36	1712	2.962	23	23	0.002
479	item	38456	66.534	50	38	0.002
480	celebro	21027	36.38	38	34	0.002
481	126	375	0.649	22	19	0.002
482	querio	21994	38.053	39	38	0.002
483	abscondo	11859	20.518	32	26	0.002
484	uolo2	114425	197.971	111	87	0.002
485	alienus	25380	43.911	43	33	0.002
486	coruus	1345	2.327	24	23	0.002
487	proprius1	61683	106.72	63	53	0.001
488	supersum	5014	8.675	24	21	0.001
489	unusquisque	24422	42.253	37	30	0.001
490	postea	24716	42.762	38	35	0.001
491	aliquis	128304	221.983	108	90	0.001
492	letitia	10639	18.407	29	18	0.001
493	regnum	72632	125.663	72	46	0.001
494	robur	4296	7.433	26	16	0.001
495	occulo	2494	4.315	22	16	0.001
496	tantummodo	6614	11.443	26	25	0.001
497	diuinus1	86936	150.411	83	71	0.001
498	neco	24910	43.098	38	34	0.001
499	contentus1	2992	5.177	23	23	0.001
500	sacro	2304	3.986	22	11	0.001
501	communio2	12583	21.77	30	23	0.001
502	leuiticus	1420	2.457	21	19	0.001
503	erogo	2344	4.055	22	22	0.001
504	poculum	2380	4.118	23	19	0.001
505	omnis	516119	892.955	370	239	0.001
506	primus	80088	138.563	77	51	0.001
507	secundus	43007	74.408	52	31	0.001
508	paruus	34453	59.608	44	37	0.001
509	baculum	2470	4.273	22	14	0.001
510	hora	53825	93.124	59	54	0.001
511	solitudo	5419	9.376	25	20	0.001
512	utor	15865	27.449	33	30	0.001
513	aperio	22042	38.136	33	32	0.001
514	materia1	9616	16.637	25	17	0.001
515	usus	21101	36.508	33	28	0.001
516	precipio	19314	33.416	32	28	0.001
517	crux	31148	53.89	42	27	0.001
518	uer	4494	7.775	22	18	0.001
519	aliter	17625	30.494	33	23	0.001
520	multiplico	8698	15.049	24	20	0.001
521	-	1669012	2887.614	1103	442	0.001
522	ueneo	94595	163.662	82	64	0.001
523	scribo1	95748	165.657	80	61	0.001
524	aufero	25921	44.847	36	35	0.001
525	euangelicus	6676	11.55	24	20	0.001
526	conspectus2	14319	24.774	28	21	0.001
527	tot	11369	19.67	28	25	0.001
528	aliquando	22058	38.163	36	28	0.001
529	nonne	12149	21.019	27	20	0.001
530	simplex	12113	20.957	27	21	0.001
531	totus	103392	178.882	88	77	0.001
532	penuria	1445	2.5	21	17	0.001
533	designo	15649	27.075	31	24	0.001
534	uetus	20824	36.028	33	33	0.001
535	lego2	42226	73.057	46	44	0.001
536	accedo	23469	40.605	34	30	0.001
537	transeo	30676	53.074	39	33	0.001
538	at	20538	35.534	32	27	0.001
539	euangelium	41469	71.747	48	40	0.001
540	petra	13912	24.07	28	27	0.001
541	discipulus	20412	35.316	32	26	0.001
542	certe	18463	31.944	32	29	0.001
543	egenus	3088	5.343	22	20	0.001
544	siligineus	29	0.05	20	12	0.001
545	dimidium	2468	4.27	21	17	0.001
546	parum	5757	9.96	23	19	0.001
547	usque	86805	150.184	74	53	0.001
548	candidus	3951	6.836	21	19	0.001
549	solidum2	2557	4.424	20	16	0.001
550	sapientia	43276	74.873	42	38	0.001
551	sedeo	27175	47.016	34	27	0.001
552	communicatio	930	1.609	18	12	0.001
553	desino	6807	11.777	21	18	0.001
554	traditor	1525	2.639	19	13	0.001
555	conuerto	21948	37.973	32	22	0.001
556	inde	36394	62.967	43	35	0.001
557	fortasse	15289	26.452	27	26	0.001
558	interior	16106	27.866	27	25	0.001
559	postquam	18936	32.762	28	23	0.001
560	oporteo	27433	47.463	34	26	0.001
561	libenter	7640	13.218	22	19	0.001
562	desiderabilis	1856	3.211	19	15	0.001
563	!	28522	49.347	36	29	0.001
564	20	7499	12.974	22	8	0.001
565	sex	10446	18.073	24	23	0.001
566	appello1	25043	43.328	32	28	0.001
567	sublimitas	3809	6.59	20	19	0.001
568	obseruo	14851	25.694	27	17	0.001
569	afflictio	4240	7.336	21	13	0.001
570	mutatio	2832	4.9	20	12	0.001
571	finio	9907	17.14	28	15	0.001
572	educo2	5673	9.815	21	18	0.001
573	<unknown>	785834	1359.598	496	287	0.001
574	uterus	9137	15.808	24	17	0.001
575	egestas	1405	2.431	18	17	0.001
576	forte1	8511	14.725	23	21	0.001
577	qualis	22170	38.357	32	24	0.001
578	adhuc	43397	75.083	44	36	0.001
579	secundum1	93339	161.489	71	57	0.001
580	dulcedo	8192	14.173	22	18	0.001
581	uester	125167	216.556	86	59	0.001
582	commodo2	944	1.633	17	15	0.001
583	seorsim	1925	3.331	31	14	0.001
584	tantus	72876	126.085	59	50	0.001
585	addo	22667	39.217	30	28	0.001
586	onustus	614	1.062	16	16	0.001
587	hic2	47538	82.247	44	37	0.001
588	subtraho	7393	12.791	21	16	0.001
589	decima	10730	18.564	22	10	0.001
590	quamuis	24380	42.181	31	27	0.001
591	uirtus	100541	173.949	73	47	0.001
592	talis	68550	118.601	57	44	0.001
593	portio	4003	6.926	18	18	0.001
594	desiderium	25335	43.833	29	25	0.001
595	denique	20309	35.137	27	22	0.001
596	operio	5674	9.817	19	15	0.001
597	peruenio	29327	50.74	32	28	0.001
598	comminuo	1412	2.443	17	14	0.001
599	redigo	5267	9.113	19	17	0.001
600	similiter	20332	35.177	28	27	0.001
601	morior	46808	80.984	41	38	0.001
602	quidam	125595	217.296	83	75	0.001
603	iustitia	61353	106.149	49	44	0.001
604	albus	5616	9.716	20	11	0.001
605	gemo	6104	10.561	19	13	0.001
606	fors	27137	46.951	32	29	0.001
607	nosco	48764	84.368	45	40	0.001
608	uir	96058	166.193	70	50	0.001
609	tus	2258	3.907	17	12	0.001
610	attingo1	4112	7.114	18	13	0.001
611	confectio	331	0.573	17	17	0.001
612	cottidianus	191	0.331	16	4	0.001
613	credo2	104556	180.896	71	58	0.001
614	uas1	4153	7.185	18	16	0.001
615	ecce	45236	78.264	41	28	0.001
616	formo	7082	12.253	21	16	0.001
617	tam	67456	116.708	51	46	0.001
618	exiguus	2554	4.419	18	18	0.001
619	refectorium	1041	1.801	17	12	0.001
620	ostendo	58004	100.355	50	44	0.001
621	simul	31749	54.93	34	31	0.001
622	quantum	30036	51.966	32	29	0.001
623	uespera	3338	5.775	18	17	0.001
624	cur	21757	37.643	27	24	0.001
625	rursum	18308	31.675	24	22	0.001
626	indigens1	994	1.72	16	16	0.001
627	utrum	12590	21.782	22	19	0.001
628	similitudo	19939	34.497	26	22	0.001
629	mulier	34555	59.785	31	31	0.001
630	etenim	12284	21.253	20	20	0.001
631	separo	12951	22.407	21	17	0.001
632	carena	274	0.474	15	1	0.001
633	tempto	15179	26.262	22	21	0.001
634	bonus	141665	245.099	85	68	0.001
635	nihil	77735	134.492	52	42	0.001
636	frater	114228	197.63	71	55	0.001
637	summitas	1830	3.166	16	8	0.001
638	etiamsi	5201	8.998	17	16	0.001
639	septimanus	1347	2.331	16	13	0.001
640	hereticus2	18337	31.726	25	22	0.001
641	durus	8815	15.251	20	10	0.001
642	struo	11052	19.121	21	19	0.001
643	sacerdotium	7446	12.883	18	18	0.001
644	ueritas	68144	117.898	50	40	0.001
645	fons	17113	29.608	24	23	0.001
646	mox	17369	30.051	24	21	0.001
647	illic	14419	24.947	22	22	0.001
648	nascor	39443	68.242	35	31	0.001
649	impleo	28488	49.288	30	28	0.001
650	fidelis	49024	84.818	40	40	0.001
651	15	14161	24.5	22	20	0.001
652	petitio	7499	12.974	19	15	0.001
653	superpositum	125	0.216	15	10	0.001
654	recordo	5674	9.817	17	15	0.001
655	mundus2	73097	126.468	49	44	0.001
656	fides	131896	228.198	80	63	0.001
657	nequaquam	14615	25.286	22	19	0.001
658	rectus	36680	63.461	33	27	0.001
659	sacrifico	3339	5.777	17	11	0.001
660	alter	54805	94.82	43	42	0.001
661	dens	5921	10.244	18	17	0.001
662	roboro	5902	10.211	18	16	0.001
663	sacerdotalis	5125	8.867	18	13	0.001
664	intro3	20753	35.906	24	21	0.001
665	iterum	29619	51.245	31	24	0.001
666	conuiuium	4976	8.609	17	17	0.001
667	centum	7015	12.137	19	17	0.001
668	penitentia	33310	57.631	32	26	0.001
669	significans	1612	2.789	15	14	0.001
670	superbia	17240	29.828	24	18	0.001
671	materialis	1439	2.49	16	13	0.001
672	cerno	14364	24.852	21	21	0.001
673	5	42358	73.285	36	16	0.001
674	abstineo	6458	11.173	18	16	0.001
675	eulogia	193	0.334	15	11	0.001
676	annona	1041	1.801	15	14	0.001
677	deuoro	5199	8.995	17	15	0.001
678	orior	9167	15.86	20	16	0.001
679	dignus	38990	67.458	33	29	0.001
680	ieiunus	1834	3.173	16	13	0.001
681	fraustus2	64	0.111	14	13	0.001
682	satietas	1430	2.474	14	14	0.001
683	disciplina	15219	26.331	20	15	0.001
684	contendo	9542	16.509	18	17	0.001
685	pecunia	11360	19.654	19	16	0.001
686	grossus1	482	0.834	13	7	0.001
687	rapio	11306	19.561	19	12	0.001
688	presbyter	31775	54.975	29	24	0.001
689	pulcher	9224	15.959	17	12	0.001
690	uis	43874	75.908	34	29	0.001
691	gladius	19580	33.876	22	17	0.001
692	siquidem	15880	27.475	21	19	0.001
693	lacto1	909	1.573	17	10	0.001
694	immo	19556	33.835	21	17	0.001
695	ualeo	39921	69.069	32	31	0.001
696	ceruisia	272	0.471	14	11	0.001
697	pendeo	6345	10.978	16	13	0.001
698	faba	296	0.512	14	9	0.001
699	alieno	2448	4.235	15	14	0.001
700	immolo	6750	11.678	17	16	0.001
701	24	6311	10.919	17	15	0.001
702	esuries	607	1.05	13	13	0.001
703	adicio	8604	14.886	18	16	0.001
704	similago	133	0.23	13	12	0.001
705	consortio	2662	4.606	14	13	0.001
706	torta	87	0.151	13	6	0.001
707	editus1	775	1.341	14	14	0.001
708	uia	46939	81.211	34	30	0.001
709	delectatio	6837	11.829	16	14	0.001
710	appositum	597	1.033	13	12	0.001
711	quemadmodum	14844	25.682	21	17	0.001
712	hinc	29087	50.324	26	26	0.001
713	canistrum	134	0.232	13	12	0.001
714	uendo	7485	12.95	17	14	0.001
715	quisquam	19723	34.123	22	20	0.001
716	intellegentia	9387	16.241	17	17	0.001
717	interim	8841	15.296	18	15	0.001
718	minister2	9179	15.881	18	17	0.001
719	refero	28774	49.783	26	22	0.001
720	respondeo	44354	76.738	34	31	0.001
721	locus	118462	204.955	66	58	0.001
722	fructus	29120	50.382	26	22	0.001
723	ingredior	21172	36.63	24	24	0.001
724	inuisibilis	8544	14.782	18	16	0.001
725	digno	16516	28.575	20	20	0.001
726	similagineus	22	0.038	13	9	0.001
727	salutaris1	7192	12.443	16	15	0.001
728	pingue	91	0.157	13	12	0.001
729	reuertor	15737	27.227	20	18	0.001
730	expono	16540	28.616	21	20	0.001
731	sino	15294	26.461	21	18	0.001
732	natura	60309	104.343	43	34	0.001
733	eremus2	3327	5.756	15	14	0.001
734	conuersio	6402	11.076	16	11	0.001
735	murmuro	2697	4.666	14	13	0.001
736	statim	17427	30.151	22	22	0.001
737	fugiens	782	1.353	14	11	0.001
738	expendo	2530	4.377	14	14	0.001
739	risus	2099	3.632	15	7	0.001
740	decoquo	505	0.874	13	7	0.001
741	mercennarius	1729	2.991	14	13	0.001
742	ceterus	60436	104.562	42	39	0.001
743	lex	99633	172.378	61	51	0.001
744	sagino	769	1.331	14	12	0.001
745	polenta	90	0.156	13	12	0.001
746	reuerso	107	0.185	14	7	0.001
747	coturnix	164	0.284	12	10	0.001
748	astruo	2555	4.421	13	8	0.001
749	herba	4473	7.739	14	14	0.001
750	recreo	1668	2.886	13	12	0.001
751	lateo	8136	14.076	16	13	0.001
752	donum	21729	37.594	21	18	0.001
753	simpliciter	4811	8.324	13	10	0.001
754	particula	1469	2.542	12	11	0.001
755	craticula	403	0.697	12	7	0.001
756	aureus1	9207	15.929	16	12	0.001
757	uterque	45021	77.892	32	27	0.001
758	reliquie	7150	12.371	14	11	0.001
759	partio1	1700	2.941	13	13	0.001
760	an	29445	50.944	24	19	0.001
761	quilibet2	26582	45.99	23	23	0.001
762	ministerium	13111	22.684	17	17	0.001
763	triginta	6186	10.703	15	8	0.001
764	pereo	23479	40.622	22	20	0.001
765	apud	68524	118.556	37	31	0.001
766	argentum	9161	15.85	16	14	0.001
767	131	513	0.888	12	12	0.001
768	quantus	26429	45.726	22	22	0.001
769	consueo	7019	12.144	14	12	0.001
770	pariter	15528	26.866	18	17	0.001
771	necesse	18637	32.245	19	19	0.001
772	mereo1	16029	27.732	19	19	0.001
773	ante1	13605	23.539	18	16	0.001
774	aridus	2232	3.862	13	13	0.001
775	magis	50666	87.659	31	29	0.001
776	maneo	29900	51.731	25	22	0.001
777	seruo	33608	58.146	24	24	0.001
778	lauo	9439	16.331	18	13	0.001
779	impono	13283	22.981	18	14	0.001
780	propterea	13876	24.007	17	17	0.001
781	saluator	22792	39.433	22	19	0.001
782	plures	16959	29.341	18	18	0.001
783	melius	13351	23.099	17	15	0.001
784	adeps	1712	2.962	12	6	0.001
785	alibi	11764	20.353	17	15	0.001
786	solitus	4671	8.082	14	14	0.001
787	oblatus1	1331	2.303	13	13	0.001
788	plebs	14101	24.397	18	18	0.001
789	uiuifico	7074	12.239	14	11	0.001
790	dimidius	1440	2.491	12	10	0.001
791	reliquus	17176	29.717	19	17	0.001
792	alienigenus	1556	2.692	13	8	0.001
793	patria	13916	24.077	18	16	0.001
794	cupio	14824	25.648	17	15	0.001
795	1	75496	130.618	43	36	0.001
796	exterus	8330	14.412	16	14	0.001
797	inter	88091	152.409	47	43	0.001
798	beatus	98593	170.579	54	47	0.001
799	oro	29957	51.83	23	21	0.001
800	replico	1645	2.846	12	11	0.001
801	triplex1	2667	4.614	13	8	0.001
802	inedia	865	1.497	12	10	0.001
803	conspersio	389	0.673	13	4	0.001
804	participatio	2860	4.948	13	10	0.001
805	copia	6648	11.502	14	13	0.001
806	liber1	47634	82.413	29	26	0.001
807	sabbata	1681	2.908	12	9	0.001
808	antea	5949	10.293	14	14	0.001
809	nitidus	911	1.576	12	10	0.001
810	numerus	33051	57.183	25	19	0.001
811	12	18203	31.494	19	12	0.001
812	uiuesco	6004	10.388	14	14	0.001
813	audio	107337	185.707	58	53	0.001
814	misericordia	44138	76.365	31	27	0.001
815	multitudo	19776	34.215	21	16	0.001
816	nolo	50410	87.216	31	29	0.001
817	puto	38766	67.07	28	26	0.001
818	concedo	27516	47.606	23	20	0.001
819	quisquis1	36782	63.638	28	20	0.001
820	serpens	9744	16.858	16	14	0.001
821	teneo	55641	96.266	35	27	0.001
822	indico1	11027	19.078	17	15	0.001
823	infirmus1	14174	24.523	18	18	0.001
824	commisceo	1504	2.602	12	12	0.001
825	pretium	9792	16.942	15	14	0.001
826	principalis1	4775	8.261	14	11	0.001
827	uasculum	1056	1.827	11	11	0.001
828	uiaticum	888	1.536	10	9	0.001
829	fruor	5642	9.761	13	13	0.001
830	mendicus	763	1.32	10	9	0.001
831	confringo	3414	5.907	11	9	0.001
832	os1	14207	24.58	16	16	0.001
833	saltem	9282	16.059	14	13	0.001
834	pruna	600	1.038	11	11	0.001
835	arceo	1979	3.424	11	8	0.001
836	colligo2	15607	27.002	15	14	0.001
837	comparo1	9995	17.293	14	14	0.001
838	recipio	35233	60.958	23	21	0.001
839	furtiuus	700	1.211	11	9	0.001
840	sermo	46096	79.752	26	25	0.001
841	diuersus	27297	47.228	19	16	0.001
842	spiritus	163219	282.391	64	47	0.001
843	color	6432	11.128	13	11	0.001
844	magnus	130141	225.161	55	43	0.001
845	commendo	17356	30.028	17	15	0.001
846	uiuificus	618	1.069	10	9	0.001
847	auster	2738	4.737	12	6	0.001
848	quisque	30684	53.087	20	19	0.001
849	omnino	26860	46.471	20	17	0.001
850	otium	3261	5.642	12	9	0.001
851	egredior	17148	29.668	17	17	0.001
852	commuto	3730	6.453	12	10	0.001
853	pretiosus	10798	18.682	14	13	0.001
854	satias	259	0.448	10	9	0.001
855	uinco	19705	34.092	18	18	0.001
856	recens1	2845	4.922	11	8	0.001
857	coniungo	9743	16.857	13	13	0.001
858	minus	23820	41.212	18	15	0.001
859	candelabrum	2697	4.666	11	10	0.001
860	transfero	11730	20.295	14	14	0.001
861	ecclesia	238902	413.332	89	70	0.001
862	sapiens	18821	32.563	17	12	0.001
863	16	10964	18.969	15	14	0.001
864	comestio	461	0.798	11	10	0.001
865	supra1	16363	28.31	16	16	0.001
866	temporalis	11489	19.878	15	10	0.001
867	adedo	7849	13.58	13	11	0.001
868	cardo1	6863	11.874	12	10	0.001
869	munus	24186	41.845	18	17	0.001
870	fenum	3574	6.184	12	11	0.001
871	psalmista	7676	13.281	14	11	0.001
872	pertineo	29921	51.767	20	17	0.001
873	pomum	2654	4.592	11	9	0.001
874	tamdiu	2751	4.76	11	9	0.001
875	consolatio	8132	14.069	13	9	0.001
876	ceno	857	1.483	11	9	0.001
877	dubito	13695	23.694	16	16	0.001
878	certus	22197	38.404	18	16	0.001
879	eloquium	9793	16.943	13	13	0.001
880	quantitas	3768	6.519	12	10	0.001
881	quotiens	6081	10.521	13	11	0.001
882	excepto	2864	4.955	12	11	0.001
883	ipse1	56297	97.401	31	27	0.001
884	agnus	5795	10.026	12	11	0.001
885	diues	12107	20.947	14	11	0.001
886	laganum1	76	0.132	10	6	0.001
887	uenenum	4644	8.035	12	11	0.001
888	o	28889	49.982	20	17	0.001
889	mando2	1052	1.82	11	11	0.001
890	suscipio	51943	89.868	29	27	0.001
891	suffero	6941	12.009	12	11	0.001
892	satanas	5786	10.011	13	12	0.001
893	7	19547	33.819	18	12	0.001
894	porricio	866	1.498	10	9	0.001
895	tenuis	2486	4.301	11	9	0.001
896	consuetus	1595	2.76	11	11	0.001
897	caput	46690	80.78	29	27	0.001
898	laboro	15951	27.597	15	15	0.001
899	famelicus	360	0.623	11	11	0.001
900	spes	31578	54.634	20	18	0.001
901	creo	18982	32.841	17	15	0.001
902	licet	26151	45.245	20	18	0.001
903	uidua	6190	10.71	12	12	0.001
904	mens	69929	120.987	34	27	0.001
905	sequor	69615	120.443	37	32	0.001
906	conor	8412	14.554	13	10	0.001
907	paululum	3250	5.623	12	9	0.001
908	cresco	10327	17.867	14	14	0.001
909	nescio	27762	48.032	20	18	0.001
910	sapio	9927	17.175	13	11	0.001
911	infundo	5396	9.336	14	9	0.001
912	quintus	11541	19.968	15	13	0.001
913	sepe	26093	45.144	19	17	0.001
914	acquiro	8930	15.45	13	10	0.001
915	merito1	17097	29.58	17	16	0.001
916	signum	76045	131.568	35	13	0.001
917	effacio	7247	12.538	13	11	0.001
918	frigidus	2774	4.799	11	4	0.001
919	scio	69200	119.725	35	32	0.001
920	52	854	1.478	11	10	0.001
921	plus1	20015	34.629	18	15	0.001
922	merum	302	0.523	10	10	0.001
923	potius	28313	48.985	21	17	0.001
924	constituo	37883	65.543	25	23	0.001
925	monstro	9333	16.147	14	12	0.001
926	ualidus	3965	6.86	11	11	0.001
927	figuro	5062	8.758	12	11	0.001
928	indeficiens	837	1.448	10	10	0.001
929	infans2	5211	9.016	13	8	0.001
930	mora1	18530	32.059	17	17	0.001
931	contingo1	16224	28.07	15	12	0.001
932	doctor	15863	27.445	17	17	0.001
933	credens2	5559	9.618	12	11	0.001
934	41	1507	2.607	11	10	0.001
935	minoro	686	1.187	10	9	0.001
936	diuinitas	20293	35.11	18	16	0.001
937	circa2	17996	31.136	14	14	0.001
938	euangelista	10325	17.864	12	12	0.001
939	prebenda	1821	3.151	10	6	0.001
940	miser	13748	23.786	12	12	0.001
941	idcirco	16607	28.732	14	12	0.001
942	tristis	5626	9.734	10	6	0.001
943	perdo	20743	35.888	14	14	0.001
944	perfectus1	22768	39.392	15	15	0.001
945	assidue	2726	4.716	9	9	0.001
946	grano	1663	2.877	10	10	0.001
947	tecum	6545	11.324	10	7	0.001
948	interrogo	14176	24.526	14	14	0.001
949	intus1	10928	18.907	13	11	0.001
950	iustus	76907	133.059	33	25	0.001
951	ualde	15112	26.146	13	13	0.001
952	ample	18058	31.243	14	13	0.001
953	proicio	7928	13.717	12	9	0.001
954	audeo	18952	32.79	14	13	0.001
955	instar	3048	5.273	10	7	0.001
956	precapio	13422	23.222	14	13	0.001
957	refectus1	451	0.78	9	8	0.001
958	cano	5806	10.045	10	10	0.001
959	iuxta1	44117	76.328	22	21	0.001
960	ferculum	1244	2.152	10	9	0.001
961	ubique	10788	18.665	13	13	0.001
962	incensum	2492	4.312	10	9	0.001
963	appareo	31813	55.041	18	17	0.001
964	21	7415	12.829	12	12	0.001
965	futurus	44532	77.046	24	17	0.001
966	quanto	17613	30.473	15	14	0.001
967	plusquam	1633	2.825	9	5	0.001
968	unicus	5997	10.376	10	7	0.001
969	discumbo	1410	2.44	10	10	0.001
970	iumentum	4502	7.789	10	8	0.001
971	contamino	2098	3.63	9	7	0.001
972	monumentum	5036	8.713	10	8	0.001
973	contineo	20860	36.091	16	16	0.001
974	crudus	764	1.322	9	7	0.001
975	salus	46730	80.849	24	23	0.001
976	eo2	38141	65.989	20	16	0.001
977	tabernaculum	13895	24.04	13	12	0.001
978	testamentum	19821	34.293	15	13	0.001
979	mirus	13753	23.795	13	12	0.001
980	huiusmodi	23614	40.855	17	14	0.001
981	conuenio	26796	46.361	18	17	0.001
982	lens2	100	0.173	9	9	0.001
983	cottidie	444	0.768	9	7	0.001
984	stercus	2058	3.561	9	7	0.001
985	pinguedo	1545	2.673	9	7	0.001
986	agens	3386	5.858	10	10	0.001
987	monachus	30375	52.553	18	12	0.001
988	carbo	1465	2.535	9	9	0.001
989	prestans	3666	6.343	10	8	0.001
990	conuentus	6222	10.765	10	7	0.001
991	uenio	54068	93.545	25	24	0.001
992	arca	10151	17.563	11	10	0.001
993	transiens	1018	1.761	9	8	0.001
994	decimus	8805	15.234	12	9	0.001
995	modus	31089	53.788	19	17	0.001
996	uilis	5616	9.716	11	11	0.001
997	una	2547	4.407	10	8	0.001
998	conculco	2895	5.009	9	3	0.001
999	consecratum	873	1.51	10	7	0.001
1000	predico1	36264	62.742	20	15	0.001
1001	iugiter	4780	8.27	10	8	0.001
1002	primo	4690	8.114	10	10	0.001
1003	perennis	2439	4.22	10	10	0.001
1004	nomen	116016	200.723	43	39	0.001
1005	fortis	21453	37.117	15	15	0.001
1006	offerta	190	0.329	9	6	0.001
1007	exodium	1736	3.004	10	8	0.001
1008	redeo	26975	46.67	16	15	0.001
1009	moueo	22993	39.781	17	16	0.001
1010	ruminor	1000	1.73	9	9	0.001
1011	nemo	32213	55.733	18	17	0.001
1012	nomino	13498	23.353	14	14	0.001
1013	gaudium	24617	42.591	17	12	0.001
1014	exhibeo	21219	36.712	16	12	0.001
1015	misceo	6131	10.607	11	11	0.001
1016	contra2	73954	127.95	33	30	0.001
1017	cepio	30907	53.473	19	17	0.001
1018	narro	11781	20.383	13	12	0.001
1019	loquor	84792	146.702	37	32	0.001
1020	perpetuus	18411	31.854	15	15	0.001
1021	79	502	0.869	9	9	0.001
1022	securus	9050	15.658	11	10	0.001
1023	acceptio	1645	2.846	10	2	0.001
1024	habitaculum	3100	5.363	10	9	0.001
1025	bis	5161	8.929	10	9	0.001
1026	uua	1952	3.377	9	8	0.001
1027	conuerro	5558	9.616	10	9	0.001
1028	firmo	9903	17.134	12	11	0.001
1029	furnus	272	0.471	9	8	0.001
1030	9	15736	27.225	14	12	0.001
1031	orba	9953	17.22	11	10	0.001
1032	represento	2449	4.237	10	7	0.001
1033	passio	32024	55.406	20	18	0.001
1034	incendium	5091	8.808	10	8	0.001
1035	2	47734	82.586	25	23	0.001
1036	nummus	2089	3.614	9	6	0.001
1037	asso	356	0.616	9	8	0.001
1038	generalis	6249	10.812	10	3	0.001
1039	umquam	9204	15.924	11	11	0.001
1040	confiteor	25923	44.85	16	16	0.001
1041	minister1	4209	7.282	11	9	0.001
1042	reddo	41545	71.878	21	17	0.001
1043	torqueo	4135	7.154	10	4	0.001
1044	sitarchia	29	0.05	9	7	0.001
1045	presens	48281	83.533	24	24	0.001
1046	nihilominus	8173	14.14	11	9	0.001
1047	emereo	1231	2.13	9	9	0.001
1048	superius	13980	24.187	13	11	0.001
1049	semel	10781	18.653	12	11	0.001
1050	tango	13320	23.045	12	8	0.001
1051	exeo	22744	39.35	15	13	0.001
1052	reperio	17364	30.042	13	11	0.001
1053	100	32035	55.425	18	9	0.001
1054	ullus	20121	34.812	14	14	0.001
1055	hedus	1723	2.981	9	5	0.001
1056	introeo	7576	13.108	12	11	0.001
1057	misa	14465	25.026	14	13	0.001
1058	tinctio	146	0.253	9	9	0.001
1059	singulariter	3050	5.277	10	7	0.001
1060	humanitas	10927	18.905	13	13	0.001
1061	christianus1	28446	49.215	14	10	0.001
1062	crusta	116	0.201	8	8	0.001
1063	nullus	117960	204.087	38	35	0.001
1064	assero1	14004	24.229	12	11	0.001
1065	delecto	10083	17.445	10	10	0.001
1066	grex	9778	16.917	9	8	0.001
1067	mereo2	11679	20.206	11	11	0.001
1068	iucunditas	2709	4.687	8	8	0.001
1069	ager	9582	16.578	9	9	0.001
1070	diuisio	5666	9.803	8	7	0.001
1071	dumtaxat	3288	5.689	9	7	0.001
1072	lito	332	0.574	7	6	0.001
1073	nonnisi	2277	3.94	8	8	0.001
1074	eligo	35924	62.153	15	10	0.001
1075	frustra	6252	10.817	9	9	0.001
1076	epule	2079	3.597	8	8	0.001
1077	supra2	15813	27.359	12	12	0.001
1078	odor	9468	16.381	10	7	0.001
1079	interdum	9423	16.303	9	9	0.001
1080	subiungo	10418	18.025	10	9	0.001
1081	uicis	11248	19.461	11	9	0.001
1082	manifestus	21607	37.383	12	11	0.001
1083	benedicus	571	0.988	7	6	0.001
1084	minime	12353	21.372	10	10	0.001
1085	tero	1580	2.734	8	8	0.001
1086	regio	11954	20.682	10	10	0.001
1087	premitto	10132	17.53	10	5	0.001
1088	triduum	2225	3.85	8	8	0.001
1089	pasta1	118	0.204	7	7	0.001
1090	diurnus	818	1.415	8	8	0.001
1091	domina	51239	88.65	22	19	0.001
1092	friskinga	39	0.068	7	4	0.001
1093	58	962	1.664	7	6	0.001
1094	consolo	6661	11.524	9	9	0.001
1095	carnalis	18612	32.201	11	10	0.001
1096	lagena	413	0.715	7	5	0.001
1097	farinula	49	0.085	8	8	0.001
1098	doceo	45778	79.202	20	18	0.001
1099	profecto	11202	19.381	11	9	0.001
1100	penite	12437	21.518	10	10	0.001
1101	10	20010	34.62	13	6	0.001
1102	sane	13113	22.687	10	9	0.001
1103	pes	28406	49.146	15	14	0.001
1104	sensus	29972	51.856	14	14	0.001
1105	confecto	718	1.242	8	8	0.001
1106	exsisto	28152	48.707	15	12	0.001
1107	resto	4708	8.146	8	8	0.001
1108	typicus	1071	1.853	7	6	0.001
1109	proficio	20507	35.48	12	12	0.001
1110	liquor2	1405	2.431	8	6	0.001
1111	ara	3269	5.656	9	6	0.001
1112	sano	12938	22.385	10	10	0.001
1113	oblo	1820	3.149	8	7	0.001
1114	obsonium	142	0.246	7	3	0.001
1115	mater	37910	65.589	18	18	0.001
1116	demonstro	16774	29.021	12	8	0.001
1117	quini	442	0.765	7	7	0.001
1118	pascha	10463	18.102	10	9	0.001
1119	cellarium	625	1.081	7	6	0.001
1120	dono	18279	31.625	13	11	0.001
1121	coxus	54	0.093	8	8	0.001
1122	satis	18798	32.523	13	11	0.001
1123	furfureus	17	0.029	7	6	0.001
1124	etas	19002	32.876	13	9	0.001
1125	examplum	32786	56.724	15	11	0.001
1126	excoquo	533	0.922	7	7	0.001
1127	adiungo	9170	15.865	10	10	0.001
1128	iudeus	58460	101.144	21	18	0.001
1129	capio1	25196	43.592	15	13	0.001
1130	paulus	37901	65.574	18	18	0.001
1131	cibarium	14	0.024	8	8	0.001
1132	cribrarius1	7	0.012	7	3	0.001
1133	uenus1	1149	1.988	7	2	0.001
1134	uitupero	1305	2.258	8	7	0.001
1135	delicatus1	987	1.708	7	7	0.001
1136	denego	4041	6.992	9	8	0.001
1137	uocatus	3199	5.535	9	9	0.001
1138	meritum	29690	51.368	16	15	0.001
1139	exprimo	12309	21.296	10	9	0.001
1140	disco	19151	33.134	12	11	0.001
1141	traditio	5900	10.208	9	7	0.001
1142	liberi	3274	5.665	8	8	0.001
1143	cunctus	41653	72.065	18	17	0.001
1144	eleemosyna	8813	15.248	10	10	0.001
1145	magnitudo	8368	14.478	10	10	0.001
1146	pistor	216	0.374	8	6	0.001
1147	quilibet1	5286	9.146	8	8	0.001
1148	historia	11036	19.094	10	10	0.001
1149	multo1	8061	13.947	10	10	0.001
1150	immolatio	920	1.592	7	7	0.001
1151	cuiusmodi	667	1.154	8	5	0.001
1152	perhibeo	8450	14.62	9	9	0.001
1153	aptus	5728	9.91	8	8	0.001
1154	auena	289	0.5	7	7	0.001
1155	trinitas	18856	32.623	13	12	0.001
1156	nimirum	14557	25.186	10	9	0.001
1157	subministro	1269	2.196	7	7	0.001
1158	nudus	6702	11.595	9	8	0.001
1159	compages	848	1.467	7	7	0.001
1160	unctus1	482	0.834	7	3	0.001
1161	confero	22987	39.771	14	13	0.001
1162	tempero	5360	9.274	8	7	0.001
1163	similis	28765	49.767	15	15	0.001
1164	consparsus	66	0.114	8	4	0.001
1165	candela	1036	1.792	8	5	0.001
1166	pabulum	1427	2.469	8	7	0.001
1167	humanus1	52825	91.394	21	18	0.001
1168	illico	3463	5.992	8	8	0.001
1169	cellararius	587	1.016	8	6	0.001
1170	amaritas	5406	9.353	8	8	0.001
1171	crustella	50	0.087	7	7	0.001
1172	ciuitas	54563	94.401	19	15	0.001
1173	uiator	1023	1.77	7	6	0.001
1174	ascendo	30932	53.517	14	14	0.001
1175	uitium	12525	21.67	10	10	0.001
1176	desuper1	3981	6.888	9	7	0.001
1177	opus1	112889	195.313	38	33	0.001
1178	testor	12870	22.267	10	9	0.001
1179	honor	45202	78.206	19	16	0.001
1180	precipuus	11182	19.346	11	10	0.001
1181	dilectio	25310	43.79	13	10	0.001
1182	transformo	819	1.417	8	8	0.001
1183	reseruo	5748	9.945	9	8	0.001
1184	cibaria1	584	1.01	8	7	0.001
1185	suggero	4940	8.547	8	7	0.001
1186	compunctio	3385	5.857	9	6	0.001
1187	tracto	10269	17.767	10	7	0.001
1188	stomachus	1113	1.926	7	6	0.001
1189	sacculus	766	1.325	7	6	0.001
1190	uestis	12613	21.822	10	10	0.001
1191	asper	3766	6.516	8	7	0.001
1192	mancipium	541	0.936	7	7	0.001
1193	compello2	7801	13.497	9	9	0.001
1194	attendo	16271	28.151	12	10	0.001
1195	maxime	19666	34.025	13	12	0.001
1196	absumo	861	1.49	8	7	0.001
1197	rarus	3396	5.876	9	8	0.001
1198	postmodo	9674	16.737	9	8	0.001
1199	tempus	135642	234.679	39	33	0.001
1200	ipse	14361	24.846	12	11	0.001
1201	fere	7781	13.462	10	10	0.001
1202	pergo	9717	16.812	9	8	0.001
1203	eleemosynarius1	174	0.301	7	4	0.001
1204	succendo	3985	6.895	9	7	0.001
1205	summus	33193	57.428	16	16	0.001
1206	abbas	45806	79.251	17	13	0.001
1207	quin	8269	14.307	9	8	0.001
1208	septimus1	10340	17.89	10	9	0.001
1209	sextarius	451	0.78	8	6	0.001
1210	pastus	852	1.474	8	8	0.001
1211	propheticus	5889	10.189	9	8	0.001
1212	14	13148	22.748	10	10	0.001
1213	qualiter	12080	20.9	10	9	0.001
1214	medietas	3163	5.472	8	7	0.001
1215	internus	4929	8.528	8	8	0.001
1216	preceptum	29368	50.811	14	14	0.001
1217	ouum	982	1.699	7	7	0.001
1218	mixtum	1075	1.86	8	8	0.001
1219	proximum	13293	22.999	9	9	0
1220	sanus	7665	13.262	9	7	0
1221	as	561	0.971	6	6	0
1222	manduco2	28	0.048	6	4	0
1223	77	831	1.438	6	6	0
1224	genus	16127	27.902	10	7	0
1225	tenus1	1561	2.701	6	5	0
1226	totidem	1978	3.422	7	7	0
1227	monasterium	42529	73.581	14	12	0
1228	fateor	8755	15.147	8	8	0
1229	cellula	1786	3.09	6	6	0
1230	corporeus	5015	8.677	8	7	0
1231	scientia	26399	45.674	11	10	0
1232	abominabilis	942	1.63	6	4	0
1233	adeo1	10373	17.947	8	8	0
1234	adoleo	2699	4.67	6	5	0
1235	diligenter	14204	24.575	9	7	0
1236	transigo	2554	4.419	6	6	0
1237	solitarius1	1695	2.933	6	5	0
1238	ignoro	17545	30.355	10	10	0
1239	passim	2577	4.459	6	6	0
1240	spatium	9048	15.654	8	8	0
1241	lucidus	2243	3.881	7	5	0
1242	cogito	19342	33.464	10	10	0
1243	arctum	462	0.799	6	5	0
1244	superuenio	3428	5.931	6	6	0
1245	surgo	15588	26.969	10	9	0
1246	mellitus	351	0.607	6	5	0
1247	tego	6105	10.563	7	7	0
1248	diabolus	35625	61.636	12	10	0
1249	exul	1265	2.189	6	5	0
1250	castitas	7750	13.409	8	8	0
1251	dubium	11804	20.423	8	8	0
1252	corroboro	2288	3.959	7	5	0
1253	impendo	4576	7.917	6	6	0
1254	animus	43434	75.147	14	13	0
1255	sacrosanctus	2947	5.099	6	6	0
1256	coago	4852	8.395	7	7	0
1257	subsidium	2333	4.036	6	5	0
1258	quadrus1	309	0.535	6	3	0
1259	recolo2	3183	5.507	7	6	0
1260	existimo	19142	33.118	10	9	0
1261	dignitas	19880	34.395	11	11	0
1262	dimitto	28315	48.989	13	13	0
1263	consto	18724	32.395	9	8	0
1264	transmitto	5665	9.801	7	7	0
1265	sol	28837	49.892	11	11	0
1266	idoneus	6703	11.597	8	6	0
1267	pretermitto	4099	7.092	6	5	0
1268	multoties	1575	2.725	6	6	0
1269	reuera	4504	7.793	7	5	0
1270	impietas	7139	12.351	8	7	0
1271	mansus1	5945	10.286	7	5	0
1272	unio1	1923	3.327	6	6	0
1273	memoro	12452	21.544	9	6	0
1274	uoluntas	59039	102.145	16	14	0
1275	usito	382	0.661	6	3	0
1276	singularis1	6987	12.088	7	7	0
1277	molo	471	0.815	6	6	0
1278	contemplatio	9049	15.656	8	5	0
1279	rogo	22829	39.497	10	10	0
1280	cruor	1944	3.363	7	6	0
1281	ciuilis1	1855	3.209	7	6	0
1282	subdo	14755	25.528	9	7	0
1283	foris1	9760	16.886	8	8	0
1284	egrotus	1800	3.114	6	6	0
1285	substantiuus	330	0.571	6	5	0
1286	infelix	3565	6.168	6	6	0
1287	quadra	91	0.157	6	4	0
1288	uitalis	2729	4.722	7	6	0
1289	abicio	7453	12.895	7	7	0
1290	senus	1586	2.744	6	6	0
1291	expleo	4138	7.159	6	6	0
1292	casa	72070	124.691	18	18	0
1293	repono	3489	6.036	6	5	0
1294	corporaliter	3445	5.96	6	4	0
1295	penso	3676	6.36	7	6	0
1296	suadeo	5993	10.369	8	7	0
1297	effringo	376	0.651	6	4	0
1298	subicio	16263	28.137	10	10	0
1299	lotus	958	1.658	6	2	0
1300	curo	17536	30.34	9	9	0
1301	frequenter	8251	14.275	7	6	0
1302	infero	15824	27.378	8	8	0
1303	commodus	4333	7.497	7	6	0
1304	quatenus	21614	37.395	10	10	0
1305	abluo	4053	7.012	6	6	0
1306	ultra1	7710	13.339	8	8	0
1307	olim	10018	17.333	8	8	0
1308	copiosus	4191	7.251	6	5	0
1309	rex	141582	244.956	34	28	0
1310	incarno	3457	5.981	7	6	0
1311	nonnumquam	3495	6.047	6	6	0
1312	nouiter	1174	2.031	6	6	0
1313	assigno	4402	7.616	7	5	0
1314	manifesto2	9843	17.03	8	8	0
1315	audax	1282	2.218	6	5	0
1316	ternus	1407	2.434	6	6	0
1317	mirabiliter	3167	5.479	7	6	0
1318	facundus	2346	4.059	7	7	0
1319	famulus2	6060	10.485	7	7	0
1320	latinus	4293	7.428	6	6	0
1321	immitto	2821	4.881	7	7	0
1322	lectio	13597	23.525	8	8	0
1323	rigo	4060	7.024	7	7	0
1324	cognitio	9145	15.822	8	6	0
1325	commemoro	9110	15.762	8	7	0
1326	instituo	11104	19.211	9	7	0
1327	unguentum	4456	7.71	6	3	0
1328	accommodo	1907	3.299	7	7	0
1329	diaconus	18942	32.772	9	8	0
1330	iter	15981	27.649	8	7	0
1331	musaicus	452	0.782	6	6	0
1332	corrumpo	8634	14.938	8	7	0
1333	ritus	3294	5.699	6	6	0
1334	crebre	628	1.087	6	6	0
1335	perceptum	635	1.099	6	6	0
1336	antiquus	20253	35.04	11	10	0
1337	sanctus2	34876	60.34	13	11	0
1338	argenteolus	3636	6.291	6	4	0
1339	sartago	471	0.815	6	4	0
1340	peruersus	6931	11.992	8	8	0
1341	qualiscumque	3164	5.474	6	5	0
1342	seculum	49581	85.782	16	15	0
1343	plenitudo	11144	19.281	8	8	0
1344	gloriosus	14859	25.708	8	8	0
1345	unanimus	1849	3.199	6	6	0
1346	octo1	6612	11.44	8	5	0
1347	usitatus	1005	1.739	6	6	0
1348	holocaustum	3797	6.569	6	3	0
1349	admixtio	613	1.061	6	6	0
1350	ordo	49198	85.119	16	14	0
1351	refocilo	401	0.694	6	6	0
1352	continuo1	6964	12.049	7	6	0
1353	incipio	18683	32.324	10	10	0
1354	sacramentalis1	174	0.301	6	6	0
1355	obliuiscor	4361	7.545	6	6	0
1356	insinuo	7509	12.992	7	6	0
1357	oculus	53527	92.609	16	15	0
1358	hemina	183	0.317	6	4	0
1359	utpote	4612	7.979	6	6	0
1360	hospes	3673	6.355	6	5	0
1361	dispensator	1622	2.806	6	6	0
1362	res	106314	183.937	27	25	0
1363	peccatum	130132	225.146	32	26	0
1364	necnon	3468	6	6	6	0
1365	uelo	2350	4.066	6	6	0
1366	percutio	15200	26.298	9	9	0
1367	effluo	749	1.296	6	4	0
1368	nimius	7944	13.744	8	8	0
1369	nondum	13991	24.206	10	9	0
1370	104	549	0.95	6	6	0
1371	num	8771	15.175	8	8	0
1372	inferius2	11491	19.881	9	8	0
1373	superstitio	1915	3.313	6	5	0
1374	eruditio	2572	4.45	6	5	0
1375	auiditas	920	1.592	6	6	0
1376	interdico	3971	6.87	6	5	0
1377	iucundus	4165	7.206	6	6	0
1378	laudo	24696	42.727	10	8	0
1379	pecus	5892	10.194	8	4	0
1380	pentecoste	3063	5.299	7	7	0
1381	perduco	9480	16.402	7	7	0
1382	fluo	4674	8.087	7	6	0
1383	nonnulli	10477	18.127	9	8	0
1384	pugnator	334	0.578	6	6	0
1385	eneus	1888	3.267	6	6	0
1386	asina	1568	2.713	6	6	0
1387	seruus2	49327	85.342	17	15	0
1388	mirabilis	6735	11.653	7	7	0
1389	inuoluo	3726	6.447	6	6	0
1390	consisto	10783	18.656	8	7	0
1391	hospitium	3041	5.261	6	6	0
1392	humilitas	24531	42.442	10	10	0
1393	disputo	5476	9.474	7	6	0
1394	ideoque	7826	13.54	8	8	0
1395	presumo	20925	36.203	9	9	0
1396	ueraciter	6639	11.486	8	8	0
1397	sacrilegus1	2166	3.748	6	6	0
1398	uictima	3249	5.621	7	7	0
1399	infima	840	1.453	6	6	0
1400	quandoquidem	2619	4.531	6	5	0
1401	sursum	4646	8.038	7	5	0
1402	senior2	6663	11.528	7	7	0
1403	quispiam	4982	8.62	7	7	0
1404	ungo	6306	10.91	7	3	0
1405	intinctio	52	0.09	6	5	0
1406	congrego	14563	25.196	8	8	0
1407	predicator	9142	15.817	8	7	0
1408	respicio	14740	25.502	9	9	0
1409	produco	5935	10.268	8	7	0
1410	festino2	8072	13.966	7	7	0
1411	perceptio	1312	2.27	6	6	0
1412	lucus1	6053	10.473	8	8	0
1413	cogo	13093	22.653	9	7	0
1414	aspicio	8122	14.052	7	6	0
1415	uirga	8594	14.869	8	6	0
1416	mando1	16641	28.791	9	7	0
1417	ingratus	2833	4.902	7	7	0
1418	erogatio	186	0.322	6	4	0
1419	etsi	15026	25.997	10	10	0
1420	abundanter	1777	3.074	6	6	0
1421	memoria	24310	42.06	10	9	0
1422	gustus	1466	2.536	6	6	0
1423	quotquot	1975	3.417	6	6	0
1424	posco	5819	10.068	7	6	0
1425	rationabilis	4281	7.407	6	4	0
1426	utiliter	1936	3.35	6	5	0
1427	signaculum	2675	4.628	7	6	0
1428	redemptor	9170	15.865	7	5	0
1429	torreo	566	0.979	6	5	0
1430	traho	15572	26.942	8	7	0
1431	iungo	9771	16.905	8	8	0
1432	sono	7514	13	7	6	0
1433	respuo	3604	6.235	6	6	0
1434	probo	27137	46.951	11	11	0
1435	robustus	2807	4.857	6	6	0
1436	subdiaconus	2398	4.149	6	6	0
1437	noto	13239	22.905	8	8	0
1438	substantialiter	1017	1.76	6	5	0
1439	emitto	6149	10.639	7	7	0
1440	uirgo	38978	67.437	13	12	0
1441	manducare	89	0.154	6	6	0
1442	augeo	7444	12.879	7	7	0
1443	sententia	41242	71.354	15	15	0
1444	excipio	9151	15.833	7	7	0
1445	onero	2120	3.668	7	7	0
1446	consequenter	3186	5.512	7	4	0
1447	consuetudo	15213	26.321	8	8	0
1448	solidatus	380	0.658	6	6	0
1449	requiro	15427	26.691	10	9	0
1450	cella	4971	8.601	7	5	0
1451	restringo	1067	1.846	6	6	0
1452	peccator	24385	42.189	11	11	0
1453	narratus	126	0.218	6	1	0
1454	promitto	23310	40.329	9	6	0
1455	necessitas	24265	41.982	8	8	0
1456	uello	17922	31.008	6	6	0
1457	finitus	324	0.561	5	3	0
1458	ciuis	8935	15.459	6	6	0
1459	clericus2	24630	42.613	9	8	0
1460	foueo	9867	17.071	6	6	0
1461	arbitror	10703	18.518	6	5	0
1462	funis	1956	3.384	5	5	0
1463	superpositus	479	0.829	5	5	0
1464	uitis	5964	10.319	5	5	0
1465	compono	10493	18.154	7	7	0
1466	granatarius	38	0.066	5	3	0
1467	exalto	11742	20.315	7	7	0
1468	porro	13956	24.146	7	7	0
1469	confessio	18208	31.502	6	6	0
1470	honestus	7952	13.758	6	6	0
1471	dispenso	2935	5.078	5	4	0
1472	familia	6111	10.573	6	6	0
1473	amarus	4282	7.408	5	4	0
1474	procul1	10309	17.836	5	5	0
1475	uestigo	3287	5.687	5	5	0
1476	curro	10373	17.947	7	6	0
1477	gemitus	5114	8.848	5	5	0
1478	plane	7398	12.8	5	5	0
1479	exigo	13444	23.26	6	6	0
1480	operarius1	998	1.727	5	5	0
1481	milium	56	0.097	5	5	0
1482	conscientia	16300	28.201	6	6	0
1483	contristo	4774	8.26	5	5	0
1484	illumino	10408	18.007	6	6	0
1485	cecus	8947	15.48	6	6	0
1486	copulo	4056	7.017	5	5	0
1487	permodicus	123	0.213	5	5	0
1488	uestio	5868	10.152	6	6	0
1489	nouo	2509	4.341	5	5	0
1490	umbra	8459	14.635	5	5	0
1491	concors	1887	3.265	5	5	0
1492	interest	2059	3.562	5	5	0
1493	excutio	2933	5.075	5	5	0
1494	actio	14517	25.116	7	7	0
1495	predicatio	16156	27.952	8	7	0
1496	aduenio	9767	16.898	6	6	0
1497	miseria	8249	14.272	6	6	0
1498	extendo	8783	15.196	5	5	0
1499	imago	20983	36.303	8	7	0
1500	ambulo	17338	29.997	8	7	0
1501	neglego	9010	15.589	5	5	0
1502	effectum	6391	11.057	5	4	0
1503	subaudio	5395	9.334	6	5	0
1504	appropinquo	5360	9.274	5	4	0
1505	succedo	10355	17.916	6	6	0
1506	nutrix	813	1.407	5	5	0
1507	mandatum	21342	36.925	8	7	0
1508	tandem	15269	26.417	6	6	0
1509	gustum	705	1.22	5	5	0
1510	baptista	3606	6.239	5	5	0
1511	teloneum	1382	2.391	5	5	0
1512	congruus	8375	14.49	5	5	0
1513	predico2	8544	14.782	6	5	0
1514	molio	2951	5.106	5	5	0
1515	pareo	5626	9.734	5	5	0
1516	mos	16917	29.269	7	7	0
1517	catallum	165	0.286	5	5	0
1518	altrinsecus	347	0.6	5	5	0
1519	ceterum	6291	10.884	5	5	0
1520	incido1	5563	9.625	6	6	0
1521	claudo	8219	14.22	6	6	0
1522	uesper2	1609	2.784	5	5	0
1523	substantialis	916	1.585	5	5	0
1524	sudo	1152	1.993	5	5	0
1525	nuncupo	5993	10.369	6	4	0
1526	qualitas	7872	13.62	5	5	0
1527	ob	20361	35.227	7	6	0
1528	secundarius	177	0.306	5	4	0
1529	grauo	5746	9.941	5	5	0
1530	inuisibiliter	1069	1.85	5	5	0
1531	admodum	3150	5.45	5	5	0
1532	reformo	3923	6.787	5	4	0
1533	prefatus1	15529	26.867	6	6	0
1534	regula1	16510	28.565	7	5	0
1535	affligo	8630	14.931	6	4	0
1536	presertim	5461	9.448	5	5	0
1537	continuus	4300	7.44	5	5	0
1538	catholicus	25919	44.843	7	7	0
1539	felix	12386	21.429	8	6	0
1540	reuerro	6674	11.547	5	5	0
1541	sportula	137	0.237	5	4	0
1542	promissio	10274	17.775	5	5	0
1543	nempe	4897	8.473	6	6	0
1544	nimis	10256	17.744	5	5	0
1545	induo	13999	24.22	7	7	0
1546	nullatenus	6830	11.817	5	5	0
1547	commixtio	1637	2.832	5	5	0
1548	unda	3652	6.318	5	5	0
1549	quodammodo	6350	10.986	5	4	0
1550	sequens	8305	14.369	6	6	0
1551	conferuefacio	594	1.028	5	5	0
1552	officium	33983	58.795	11	9	0
1553	confrico	138	0.239	5	5	0
1554	pre1	12691	21.957	6	6	0
1555	discerno	8580	14.845	5	3	0
1556	soccus2	924	1.599	5	5	0
1557	ibidem	10590	18.322	6	6	0
1558	solido	1655	2.863	5	5	0
1559	prior	24097	41.691	9	9	0
1560	resurrectio	25471	44.068	9	8	0
1561	natio	6495	11.237	5	5	0
1562	sacratus	4683	8.102	6	6	0
1563	flos	7743	13.396	5	3	0
1564	litigo	1296	2.242	5	5	0
1565	permaneo	21034	36.392	7	7	0
1566	subtiliter	2689	4.652	5	5	0
1567	uiduus	1111	1.922	5	3	0
1568	obicio	6050	10.467	6	6	0
1569	concludo	6421	11.109	5	5	0
1570	quondam	8672	15.004	6	6	0
1571	hilariter	1519	2.628	5	5	0
1572	pregusto	359	0.621	5	5	0
1573	consummo	8914	15.422	5	5	0
1574	resideo	4932	8.533	6	6	0
1575	procuro	4743	8.206	5	5	0
1576	effundo2	8304	14.367	5	4	0
1577	perficio	15848	27.419	7	7	0
1578	niueus	474	0.82	5	5	0
1579	cuminum	168	0.291	5	3	0
1580	subito1	6665	11.531	5	5	0
1581	lux	34269	59.29	8	7	0
1582	18	9928	17.177	5	5	0
1583	suggestio	3329	5.76	5	5	0
1584	saturatio	25	0.043	5	5	0
1585	31	2832	4.9	5	5	0
1586	malo	4655	8.054	5	5	0
1587	eternitas	6420	11.108	5	5	0
1588	sustollo	642	1.111	5	3	0
1589	abstraho	2032	3.516	5	5	0
1590	exilium	5224	9.038	6	5	0
1591	refectorius1	187	0.324	5	5	0
1592	relinquo	31698	54.842	9	9	0
1593	idololatres	721	1.247	5	5	0
1594	ignotus	1927	3.334	5	5	0
1595	proinde	6944	12.014	6	6	0
1596	pena	26097	45.151	9	9	0
1597	uerumtamen	7003	12.116	6	6	0
1598	sanctitas	15014	25.976	6	6	0
1599	pietas	24529	42.438	7	7	0
1600	plus2	5020	8.685	5	5	0
1601	obuio	3138	5.429	5	5	0
1602	memini	8730	15.104	6	6	0
1603	actiuus	1998	3.457	5	5	0
1604	merus	850	1.471	5	5	0
1605	congruo	4829	8.355	6	6	0
1606	opinio	7403	12.808	5	4	0
1607	utilis	9354	16.184	5	5	0
1608	inuicem	14175	24.525	7	7	0
1609	precedo	13904	24.056	6	5	0
1610	aduerro	4430	7.665	5	5	0
1611	exterius	4671	8.082	6	5	0
1612	premo	7098	12.281	5	5	0
1613	presentia	16907	29.251	7	7	0
1614	idolum	10025	17.345	6	6	0
1615	carmen	3998	6.917	5	3	0
1616	repens	4070	7.042	5	5	0
1617	celestia	4965	8.59	5	5	0
1618	altitudo	7099	12.282	5	5	0
1619	reuelo	10813	18.708	6	6	0
1620	prolixus	2008	3.474	5	5	0
1621	imprimo	2258	3.907	5	5	0
1622	indesinenter	1398	2.419	5	3	0
1623	enutrio	1212	2.097	5	3	0
1624	quinam	2091	3.618	5	5	0
1625	intendo	12721	22.009	6	6	0
1626	coniugalis1	1529	2.645	5	5	0
1627	miro	11754	20.336	6	5	0
1628	contemno	17374	30.059	7	5	0
1629	remissio	8506	14.717	5	5	0
1630	sollicitudo	10213	17.67	6	6	0
1631	imito	11759	20.345	6	6	0
1632	uanus	8171	14.137	5	5	0
1633	corruptio	6285	10.874	5	5	0
1634	impius	20307	35.134	7	7	0
1635	rodo	564	0.976	5	4	0
1636	cruentus	1321	2.286	5	5	0
1637	1000	7920	13.703	5	2	0
1638	notus	10235	17.708	6	5	0
1639	fraus	6132	10.609	5	5	0
1640	persona	42475	73.487	10	9	0
1641	sentio	29963	51.84	8	7	0
1642	mendicans	155	0.268	5	5	0
1643	desero2	10630	18.391	7	7	0
1644	accuso	9444	16.339	7	6	0
1645	ops	7325	12.673	6	6	0
1646	inuito2	7982	13.81	6	6	0
1647	extra1	1666	2.882	5	4	0
1648	iuro	9461	16.369	6	6	0
1649	facile	15138	26.191	7	7	0
1650	soliditas	1293	2.237	5	4	0
1651	diuinitus	5014	8.675	6	6	0
1652	immundus1	7659	13.251	6	6	0
1653	christianus2	5861	10.14	6	6	0
1654	fideliter	8017	13.871	5	5	0
1655	uerro	2423	4.192	5	5	0
1656	sapidus	198	0.343	5	5	0
1657	insuper1	7283	12.601	6	6	0
1658	post1	10370	17.942	6	6	0
1659	serum1	1629	2.818	5	4	0
1660	potestas	45528	78.77	12	12	0
1661	intueo	8552	14.796	5	5	0
1662	mors	90174	156.013	20	19	0
1663	pridie	1525	2.639	5	4	0
1664	illuc	7200	12.457	6	6	0
1665	later	9636	16.672	6	4	0
1666	uado2	8466	14.647	5	5	0
1667	amor	36869	63.788	11	10	0
1668	uersus2	10470	18.115	6	6	0
1669	littera	41740	72.216	12	12	0
1670	sanctificatio	4243	7.341	5	5	0
1671	magister2	17621	30.487	8	8	0
1672	mallus1	44023	76.166	11	9	0
1673	deduco	9154	15.838	6	6	0
1674	uirulentia	29	0.05	5	5	0
1675	obsecro	5919	10.241	5	5	0
1676	hereo	7103	12.289	6	6	0
1677	bona	41041	71.006	11	11	0
1678	precor	5001	8.652	6	6	0
1679	socius2	8109	14.03	6	4	0
1680	prorsum	8768	15.17	6	6	0
1681	psalmus	27996	48.437	8	7	0
1682	quadro	669	1.158	5	5	0
1683	plaustrum	515	0.891	5	2	0
1684	seges	1552	2.685	5	5	0
1685	gloria	64235	111.135	15	13	0
1686	intellegens	2888	4.997	5	5	0
1687	interficio	13543	23.431	6	6	0
1688	recognosco	4303	7.445	5	5	0
1689	exinde	5320	9.204	5	5	0
1690	digesta	361	0.625	5	5	0
1691	aduentus	16266	28.142	6	6	0
1692	affectus2	19627	33.957	8	8	0
1693	hymnus	4611	7.978	5	5	0
1694	reliquum	1492	2.581	5	5	0
1695	sodomita	414	0.716	5	5	0
1696	preterea	9017	15.601	6	6	0
1697	largior	6218	10.758	5	5	0
1698	priusquam	5073	8.777	6	6	0
1699	alteruter	2574	4.453	5	2	0
1700	patior	27676	47.883	9	9	0
1701	amen	21286	36.828	8	6	0
1702	antiphona	5226	9.042	6	3	0
1703	sublimis	6888	11.917	5	4	0
1704	scorpio	826	1.429	5	5	0
1705	pleniter	6694	11.582	5	5	0
1706	occasio	12072	20.886	7	4	0
1707	descendens	1802	3.118	5	4	0
1708	hebdomadarius1	346	0.599	5	4	0
1709	intrinsecus1	3071	5.313	5	5	0
1710	predictus	29202	50.523	9	9	0
1711	conuiua	537	0.929	5	4	0
1712	mustus	404	0.699	5	2	0
1713	pax	51296	88.749	11	9	0
1714	corruptibilis	2375	4.109	5	4	0
1715	prouoco	8342	14.433	5	4	0
1716	salutare	2728	4.72	5	4	0
1717	26	5218	9.028	6	5	0
1718	sumptus	2886	4.993	5	5	0
1719	fundo2	7384	12.775	6	6	0
1720	pius	29611	51.231	9	9	0
1721	gens	55477	95.983	12	10	0
1722	concilium	18146	31.395	7	7	0
1723	occido1	22765	39.387	8	8	0
1724	deploro	1420	2.457	5	5	0
1725	seruio	20152	34.866	7	7	0
1726	exercitus	20473	35.421	7	6	0
1727	recondo	2340	4.049	5	5	0
1728	dictum	17050	29.499	6	6	0
1729	redimo	10985	19.006	7	7	0
1730	dirus	1957	3.386	5	5	0
1731	tortula	20	0.035	5	5	0
1732	ianua	4835	8.365	5	5	0
1733	distinguo	6457	11.172	5	5	0
1734	patena	681	1.178	5	5	0
1735	largus	2765	4.784	5	5	0
1736	uarius1	11584	20.042	6	6	0
1737	templum	29071	50.297	7	6	0
1738	ecclesiasticus1	23024	39.835	5	5	0
1739	auctoritas	39569	68.46	6	6	0
1740	humilis	17138	29.651	5	5	0
1741	malus1	39883	69.003	7	6	0
1742	plurimus	20718	35.845	6	6	0
1743	pontifex	27886	48.247	6	6	0
1744	tenebre	23001	39.795	6	6	0
1745	supero	11581	20.037	5	5	0
1746	error	22593	39.089	6	6	0
1747	finis	50546	87.451	9	9	0
1748	episcopus	133803	231.497	15	14	0
1749	placeo	27978	48.406	5	5	0
1750	genu	20753	35.906	5	5	0
1751	uniuersi	26391	45.66	7	7	0
1752	potentia	16315	28.227	5	5	0
1753	testimonium	29998	51.901	7	7	0
1754	extra2	11771	20.365	5	5	0
1755	ius1	31318	54.184	6	6	0
1756	amo	19834	34.316	5	5	0
1757	pecco	32391	56.041	5	4	0
1758	gero	23517	40.688	6	6	0
1759	extremus	10342	17.893	5	4	0
1760	liber2	23617	40.861	6	6	0
1761	sto	29455	50.961	7	7	0
1762	apostolicus	49272	85.247	8	7	0
1763	iudico	41457	71.726	7	7	0
1764	mons	35651	61.681	5	5	0
1765	aurum	13232	22.893	5	5	0
1766	hostis	29670	51.333	7	6	0
1767	mortuus	33256	57.537	5	3	0
1768	pastor	16707	28.905	5	5	0
1769	cesso	13130	22.717	5	5	0
1770	supernus	12232	21.163	5	5	0
1771	cura	21016	36.361	5	5	0
1772	recedo	17337	29.995	5	5	0
1773	deuotio	15080	26.09	5	5	0
1774	amitto	13348	23.094	5	5	0
1775	miles	18064	31.253	5	5	0
1776	contrarius	16386	28.35	5	5	0
1777	retineo	13348	23.094	5	5	0
1778	clamo	19858	34.357	6	6	0
1779	obtineo	16325	28.244	5	5	0
1780	sustineo	18594	32.17	6	6	0
1781	habito	22489	38.909	5	5	0
1782	uox	54594	94.455	10	10	0
1783	temptatio	13339	23.078	5	4	0
1784	diligo	54278	93.908	8	8	0
1785	custodio2	18108	31.329	5	4	0
1786	initium	17005	29.421	5	4	0
1787	pene	14190	24.551	5	5	0
1788	ars	11044	19.108	5	4	0
1789	uilla	13659	23.632	5	4	0
1790	uisio	13556	23.454	5	5	0
1791	glorio	11958	20.689	5	5	0
1792	admitto	10598	18.336	5	5	0
1793	ordino	21309	36.867	5	4	0
1794	falsus	17362	30.039	5	5	0
1795	duco	36971	63.965	8	8	0
1796	studeo	14707	25.445	5	4	0
1797	prosum	16493	28.535	5	5	0
1798	lumen	24627	42.608	5	4	0
1799	mala1	29211	50.539	6	6	0
1800	gaudeo	22946	39.7	5	5	0
1801	beatitas	12142	21.007	5	5	0
1802	destruo	12762	22.08	5	5	0
1803	canto	12036	20.824	5	5	0
1804	ratio	50999	88.235	5	5	0
1805	princeps	47446	82.088	5	5	0
1806	iudicium	65090	112.614	6	6	0
